,name,desc,gloves,armor,icon_state,icon,slowdown,damage,fire_resist,flags_atom,resistance_flags,brightness_on,allowed,base_name,item_state,w_class,flags_equip_slot,flags_inventory,flags_inv_hide,flags_armor_protection,flags_heat_protection,flags_cold_protection,max_heat_protection_temperature,min_cold_protection_temperature,actions_types,gas_transfer_coefficient,permeability_coefficient,siemens_coefficient,time_to_equip,time_to_unequip,sprite_sheets,sprite_sheet_id,flags_item_map_variant,supporting_limbs,blood_overlay_type,shield_state,pockets,flags_armor_features,flashlight_cooldown,locate_cooldown,armor_overlays,can_breach,breaches,resilience,breach_threshold,brute_damage,burn_damage,attached_boots,boots,attached_helmet,helmet,max_mounted_devices,can_mount,mounted_devices,active_device,holstered
/obj/item/clothing/suit,"""suit""",,,"list(""melee"" = 0, ""bullet"" = 0, ""laser"" = 0, ""energy"" = 0, ""bomb"" = 0, ""bio"" = 0, ""rad"" = 0, ""fire"" = 0, ""acid"" = 0)",,'icons/obj/clothing/suits.dmi',,,373.15,,,,list(/obj/item/tank/emergency_oxygen),,,3,1,,,1656,,,,,,,,0.9,,,,,,null,"""suit""","""shield-blue""",,,,,,,,,,,,,,,,,,,,
/obj/item/clothing/suit/storage,,,,,,,,,,,,5,,,,,,,,,,,,,,,,,,,,,,,,,/obj/item/storage/internal/suit,null,0,,,,,,,,,,,,,,,,,
/obj/item/clothing/suit/storage/det_suit,"""coat""","""An 18th-century multi-purpose trenchcoat. Someone who wears this means serious business.""",,"list(""melee"" = 50, ""bullet"" = 10, ""laser"" = 25, ""energy"" = 10, ""bomb"" = 0, ""bio"" = 0, ""rad"" = 0, ""fire"" = 10, ""acid"" = 10)","""detective""",,,,,,,,"list(/obj/item/tank/emergency_oxygen,/obj/item/flashlight,/obj/item/weapon/gun,/obj/item/ammo_magazine,/obj/item/ammo_casing,/obj/item/weapon/baton,/obj/item/restraints/handcuffs,/obj/item/storage/fancy/cigarettes,/obj/item/tool/lighter,/obj/item/detective_scanner,/obj/item/taperecorder)",,"""det_suit""",,,,,1544,,,,,,,,,,,"list(""Vox"" = 'icons/mob/species/vox/suit.dmi')",,,,"""coat""",,,,,,,,,,,,,,,,,,,,,
/obj/item/clothing/suit/storage/det_suit/black,,,,,"""detective2""",,,,,,,,,,,,,,,,,,,,,,,,,,,,,,,,,,,,,,,,,,,,,,,,,,,
/obj/item/clothing/suit/storage/forensics,"""jacket""","""A forensics technician jacket.""",,"list(""melee"" = 10, ""bullet"" = 10, ""laser"" = 15, ""energy"" = 10, ""bomb"" = 0, ""bio"" = 0, ""rad"" = 0, ""fire"" = 10, ""acid"" = 10)",,,,,,,,,"list(/obj/item/tank/emergency_oxygen,/obj/item/flashlight,/obj/item/weapon/gun,/obj/item/ammo_magazine,/obj/item/ammo_casing,/obj/item/weapon/baton,/obj/item/restraints/handcuffs,/obj/item/detective_scanner,/obj/item/taperecorder)",,"""det_suit""",,,,,1544,,,,,,,,,,,,,,,,,,,,,,,,,,,,,,,,,,,,
/obj/item/clothing/suit/storage/forensics/red,"""red jacket""","""A red forensics technician jacket.""",,,"""forensics_red""",,,,,,,,,,,,,,,,,,,,,,,,,,,,,,,,,,,,,,,,,,,,,,,,,,,
/obj/item/clothing/suit/storage/forensics/blue,"""blue jacket""","""A blue forensics technician jacket.""",,,"""forensics_blue""",,,,,,,,,,,,,,,,,,,,,,,,,,,,,,,,,,,,,,,,,,,,,,,,,,,
/obj/item/clothing/suit/storage/hazardvest,"""hazard vest""","""A high-visibility vest used in work zones.""",,,"""hazard""",,,,,,,,"list(/obj/item/analyzer,/obj/item/flashlight,/obj/item/multitool,/obj/item/pipe_painter,/obj/item/radio,/obj/item/t_scanner,/obj/item/tool/crowbar,/obj/item/tool/screwdriver,/obj/item/tool/weldingtool,/obj/item/tool/wirecutters,/obj/item/tool/wrench,/obj/item/tank/emergency_oxygen,/obj/item/clothing/mask/gas,/obj/item/tool/taperoll/engineering)",,"""hazard""",,,,,8,,,,,,,,,,,"list(""Vox"" = 'icons/mob/species/vox/suit.dmi')",,,,"""armor""",,,,,,,,,,,,,,,,,,,,,
/obj/item/clothing/suit/storage/lawyer,,,,,,,,,,,,,,,,,,,,,,,,,,,,,,,,,,,,,,,,,,,,,,,,,,,,,,,,
/obj/item/clothing/suit/storage/lawyer/bluejacket,"""Blue Suit Jacket""","""A snappy dress jacket.""",,,"""suitjacket_blue_open""",,,,,,,,,,"""suitjacket_blue_open""",,,,,1544,,,,,,,,,,,,,,,"""coat""",,,,,,,,,,,,,,,,,,,,,
/obj/item/clothing/suit/storage/lawyer/purpjacket,"""Purple Suit Jacket""","""A snappy dress jacket.""",,,"""suitjacket_purp""",,,,,,,,,,"""suitjacket_purp""",,,,,1544,,,,,,,,,,,,,,,"""coat""",,,,,,,,,,,,,,,,,,,,,
/obj/item/clothing/suit/storage/internalaffairs,"""Internal Affairs Jacket""","""A smooth black jacket.""",,,"""ia_jacket_open""",,,,,,,,,,"""ia_jacket""",,,,,1544,,,,,,,,,,,,,,,"""coat""",,,,,,,,,,,,,,,,,,,,,
/obj/item/clothing/suit/storage/fr_jacket,"""first responder jacket""","""A high-visibility jacket worn by medical first responders.""",,,"""fr_jacket_open""",,,,,,,,"list(/obj/item/stack/medical,/obj/item/reagent_containers/dropper,/obj/item/reagent_containers/hypospray,/obj/item/reagent_containers/syringe,/obj/item/healthanalyzer,/obj/item/flashlight,/obj/item/radio,/obj/item/tank/emergency_oxygen)",,"""fr_jacket""",,,,,1544,,,,,,,,,,,,,,,"""armor""",,,,,,,,,,,,,,,,,,,,,
/obj/item/clothing/suit/storage/labcoat,"""labcoat""","""A suit that protects against minor chemical spills.""",,"list(""melee"" = 0, ""bullet"" = 0, ""laser"" = 0, ""energy"" = 0, ""bomb"" = 0, ""bio"" = 50, ""rad"" = 0, ""fire"" = 0, ""acid"" = 0)","""labcoat_open""",,,,,,,,"list(/obj/item/analyzer,/obj/item/stack/medical,/obj/item/reagent_containers/dropper,/obj/item/reagent_containers/syringe,/obj/item/reagent_containers/hypospray,/obj/item/healthanalyzer,/obj/item/flashlight/pen,/obj/item/reagent_containers/glass/bottle,/obj/item/reagent_containers/glass/beaker,/obj/item/reagent_containers/pill,/obj/item/storage/pill_bottle,/obj/item/paper)",,"""labcoat""",,,,,1544,,,,,,,0.6,,,,"list(""Vox"" = 'icons/mob/species/vox/suit.dmi')",,,,"""coat""",,,,,,,,,,,,,,,,,,,,,
/obj/item/clothing/suit/storage/labcoat/red,"""red labcoat""","""A suit that protects against minor chemical spills. This one is red.""",,,"""red_labcoat_open""",,,,,,,,,,"""red_labcoat""",,,,,,,,,,,,,,,,,,,,,,,,,,,,,,,,,,,,,,,,,
/obj/item/clothing/suit/storage/labcoat/blue,"""blue labcoat""","""A suit that protects against minor chemical spills. This one is blue.""",,,"""blue_labcoat_open""",,,,,,,,,,"""blue_labcoat""",,,,,,,,,,,,,,,,,,,,,,,,,,,,,,,,,,,,,,,,,
/obj/item/clothing/suit/storage/labcoat/purple,"""purple labcoat""","""A suit that protects against minor chemical spills. This one is purple.""",,,"""purple_labcoat_open""",,,,,,,,,,"""purple_labcoat""",,,,,,,,,,,,,,,,,,,,,,,,,,,,,,,,,,,,,,,,,
/obj/item/clothing/suit/storage/labcoat/orange,"""orange labcoat""","""A suit that protects against minor chemical spills. This one is orange.""",,,"""orange_labcoat_open""",,,,,,,,,,"""orange_labcoat""",,,,,,,,,,,,,,,,,,,,,,,,,,,,,,,,,,,,,,,,,
/obj/item/clothing/suit/storage/labcoat/green,"""green labcoat""","""A suit that protects against minor chemical spills. This one is green.""",,,"""green_labcoat_open""",,,,,,,,,,"""green_labcoat""",,,,,,,,,,,,,,,,,,,,,,,,,,,,,,,,,,,,,,,,,
/obj/item/clothing/suit/storage/labcoat/cmo,"""chief medical officer's labcoat""","""Bluer than the standard model.""",,,"""labcoat_cmo_open""",,,,,,,,,,"""labcoat_cmo""",,,,,,,,,,,,,,,,,,,,,,,,,,,,,,,,,,,,,,,,,
/obj/item/clothing/suit/storage/labcoat/mad,"""The Mad's labcoat""","""It makes you look capable of konking someone on the noggin and shooting them into space.""",,,"""labgreen_open""",,,,,,,,,,"""labgreen""",,,,,,,,,,,,,,,,,,,,,,,,,,,,,,,,,,,,,,,,,
/obj/item/clothing/suit/storage/labcoat/genetics,"""Geneticist labcoat""","""A suit that protects against minor chemical spills. Has a blue stripe on the shoulder.""",,,"""labcoat_gen_open""",,,,,,,,,,,,,,,,,,,,,,,,,,,,,,,,,,,,,,,,,,,,,,,,,,,
/obj/item/clothing/suit/storage/labcoat/chemist,"""Chemist labcoat""","""A suit that protects against minor chemical spills. Has an orange stripe on the shoulder.""",,,"""labcoat_chem_open""",,,,,,,,,,,,,,,,,,,,,,,,,,,,,,,,,,,,,,,,,,,,,,,,,,,
/obj/item/clothing/suit/storage/labcoat/virologist,"""Virologist labcoat""","""A suit that protects against minor chemical spills. Offers slightly more protection against biohazards than the standard model. Has a green stripe on the shoulder.""",,"list(""melee"" = 0, ""bullet"" = 0, ""laser"" = 0, ""energy"" = 0, ""bomb"" = 0, ""bio"" = 60, ""rad"" = 0, ""fire"" = 0, ""acid"" = 0)","""labcoat_vir_open""",,,,,,,,,,,,,,,,,,,,,,,,,,,,,,,,,,,,,,,,,,,,,,,,,,,
/obj/item/clothing/suit/storage/labcoat/science,"""Scientist labcoat""","""A suit that protects against minor chemical spills. Has a purple stripe on the shoulder.""",,,"""labcoat_tox_open""",,,,,,,,,,,,,,,,,,,,,,,,,,,,,,,,,,,,,,,,,,,,,,,,,,,
/obj/item/clothing/suit/storage/labcoat/officer,,,,,"""labcoatg""",,,,,,,,,,"""labcoatg""",,,,,,,,,,,,,,,,,,,,,,,,,,,,,,,,,,,,,,,,,
/obj/item/clothing/suit/storage/labcoat/researcher,"""researcher's labcoat""","""A high quality labcoat, seemingly worn by scholars and researchers alike. It has a distinct leathery feel to it, and goads you towards adventure.""",,,"""sciencecoat_open""",,,,,,,,,,"""sciencecoat_open""",,,,,,,,,,,,,,,,,,,,,,,,,,,,,,,,,,,,,,,,,
/obj/item/clothing/suit/storage/snow_suit,"""snow suit""","""A standard snow suit. It can protect the wearer from extreme cold.""",,"list(""melee"" = 15, ""bullet"" = 0, ""laser"" = 0, ""energy"" = 0, ""bomb"" = 0, ""bio"" = 0, ""rad"" = 0, ""fire"" = 0, ""acid"" = 0)","""snowsuit_alpha""",'icons/obj/clothing/suits.dmi',,,,,,,"list(/obj/item/flashlight,/obj/item/tank/emergency_oxygen)",,,,,,,1560,,1656,,200,,,0.8,0.7,,,,,,,"""armor""",,,,,,,,,,,,,,,,,,,,,
/obj/item/clothing/suit/storage/snow_suit/doctor,"""doctor's snow suit""",,,"list(""melee"" = 25, ""bullet"" = 35, ""laser"" = 35, ""energy"" = 20, ""bomb"" = 10, ""bio"" = 0, ""rad"" = 0, ""fire"" = 20, ""acid"" = 20)","""snowsuit_doctor""",,,,,,,,,,,,,,,,,,,,,,0.6,,,,,,,,,,,,,,,,,,,,,,,,,,,,,
/obj/item/clothing/suit/storage/snow_suit/engineer,"""engineer's snow suit""",,,"list(""melee"" = 25, ""bullet"" = 35, ""laser"" = 35, ""energy"" = 20, ""bomb"" = 10, ""bio"" = 0, ""rad"" = 0, ""fire"" = 20, ""acid"" = 20)","""snowsuit_engineer""",,,,,,,,,,,,,,,,,,,,,,,,,,,,,,,,,,,,,,,,,,,,,,,,,,,
/obj/item/clothing/suit/storage/marine,"""\improper M3 pattern marine armor""","""A standard TerraGov Marine Corps M3 Pattern Chestplate. Protects the chest from ballistic rounds, bladed objects and accidents. It has a small leather pouch strapped to it for limited storage.""",,"list(""melee"" = 55, ""bullet"" = 55, ""laser"" = 35, ""energy"" = 20, ""bomb"" = 40, ""bio"" = 40, ""rad"" = 10, ""fire"" = 40, ""acid"" = 40)","""3""",'icons/obj/clothing/cm_suits.dmi',0.55,,,2,,,"list(/obj/item/weapon/gun,/obj/item/tank/emergency_oxygen,/obj/item/storage/bible,/obj/item/storage/belt/sparepouch,/obj/item/storage/large_holster/machete,/obj/item/weapon/claymore,/obj/item/storage/belt/gun)",,"""armor""",5,,,,8184,8184,8184,600,200,list(/datum/action/item_action/toggle),,0.8,0.7,20,20,,1,11,,"""armor""",,/obj/item/storage/internal/suit/marine,2,,0,null,,,,,,,,,,,,,,,
/obj/item/clothing/suit/storage/marine/M3HB,"""\improper M3-H pattern marine armor""","""A standard Marine M3 Heavy Build Pattern Chestplate. Increased protection at the cost of slowdown.""",,"list(""melee"" = 65, ""bullet"" = 70, ""laser"" = 60, ""energy"" = 30, ""bomb"" = 60, ""bio"" = 50, ""rad"" = 20, ""fire"" = 50, ""acid"" = 50)","""1""",,1,,,,,,,,,,,,,,,,,,,,,,,,,,,,,,,,,,,,,,,,,,,,,,,,,
/obj/item/clothing/suit/storage/marine/M3LB,"""\improper M3-LB pattern marine armor""","""A standard Marine M3 Light Build Pattern Chestplate. Lesser encumbrance and protection.""",,"list(""melee"" = 45, ""bullet"" = 45, ""laser"" = 35, ""energy"" = 20, ""bomb"" = 30, ""bio"" = 30, ""rad"" = 10, ""fire"" = 25, ""acid"" = 30)","""2""",,0.35,,,,,8,,,,,,,,,,,,,,,,,,,,,,,,,,,,,,,,,,,,,,,,,,,,
/obj/item/clothing/suit/storage/marine/harness,"""\improper M3 pattern marine harness""","""A standard Marine M3 Pattern Harness. No encumbrance and almost no protection.""",,"list(""melee"" = 7, ""bullet"" = 0, ""laser"" = 0, ""energy"" = 0, ""bomb"" = 0, ""bio"" = 0, ""rad"" = 0, ""fire"" = 0, ""acid"" = 7)","""10""",,0,,,0,,,,,,,,,,,,,,,,,,,,,,,,,,,,,,,,,,,,,,,,,,,,,,
/obj/item/clothing/suit/storage/marine/M3IS,"""\improper M3-IS pattern marine armor""","""A standard Marine M3 Integrated Storage Pattern Chestplate. Increased encumbrance and storage capacity.""",,"list(""melee"" = 60, ""bullet"" = 60, ""laser"" = 40, ""energy"" = 20, ""bomb"" = 50, ""bio"" = 35, ""rad"" = 10, ""fire"" = 35, ""acid"" = 35)","""4""",,1,,,,,,,,,,,,,,,,,,,,,,,,,,,,,,/obj/item/storage/internal/suit/marine/M3IS,,,,,,,,,,,,,,,,,,,
/obj/item/clothing/suit/storage/marine/M3E,"""\improper M3-E pattern marine armor""","""A standard Marine M3 Edge Pattern Chestplate. High protection against cuts and slashes, but very little padding against bullets or explosions.""",,"list(""melee"" = 70, ""bullet"" = 10, ""laser"" = 15, ""energy"" = 20, ""bomb"" = 15, ""bio"" = 10, ""rad"" = 10, ""fire"" = 10, ""acid"" = 10)","""5""",,,,,,,,,,,,,,,,,,,,,,,,,,,,,,,,,,,,,,,,,,,,,,,,,,,
/obj/item/clothing/suit/storage/marine/M3P,"""\improper M3-P pattern marine armor""","""A standard Marine M3 Padded Pattern Chestplate. Better protection against bullets and explosions, with limited thermal shielding against energy weapons, but worse against melee.""",,"list(""melee"" = 20, ""bullet"" = 80, ""laser"" = 25, ""energy"" = 10, ""bomb"" = 60, ""bio"" = 10, ""rad"" = 10, ""fire"" = 20, ""acid"" = 65)","""6""",,,,,,,,,,,,,,,8184,8184,8184,,,,,,,,,,,,,,,,,,,,,,,,,,,,,,,,,,
/obj/item/clothing/suit/storage/marine/M3P/tanker,"""\improper M3 pattern tanker armor""","""A modified and refashioned suit of M3 Pattern armor designed to be worn by vehicle crew. While the suit is a bit more encumbering to wear with the crewman uniform, it offers the loader a degree of protection that would otherwise not be enjoyed.""",,,"""tanker""",,,,,,,,,,,,,,,,,,,,,,,,,,,,1,,,,,,,,,,,,,,,,,,,,,,,
/obj/item/clothing/suit/storage/marine/leader,"""\improper B12 pattern leader armor""","""A lightweight suit of carbon fiber body armor built for quick movement. Use it to toggle the built-in flashlight.""",,"list(""melee"" = 55, ""bullet"" = 55, ""laser"" = 45, ""energy"" = 40, ""bomb"" = 40, ""bio"" = 40, ""rad"" = 15, ""fire"" = 40, ""acid"" = 40)","""7""",,0.35,,,,,8,,,,,,,,,,,,,,,,,,,,,,,,,/obj/item/storage/internal/suit/leader,,,,,,,,,,,,,,,,,,,
/obj/item/clothing/suit/storage/marine/MP,"""\improper N2 pattern MA armor""","""A standard TerraGov Navy N2 Pattern Chestplate. Protects the chest from ballistic rounds, bladed objects and accidents. It has a small leather pouch strapped to it for limited storage.""",,"list(""melee"" = 40, ""bullet"" = 60, ""laser"" = 35, ""energy"" = 20, ""bomb"" = 25, ""bio"" = 40, ""rad"" = 10, ""fire"" = 20, ""acid"" = 20)","""mp""",,0.35,,,,,,"list(/obj/item/weapon/gun,/obj/item/tank/emergency_oxygen,/obj/item/flashlight,/obj/item/ammo_magazine,/obj/item/storage/fancy/cigarettes,/obj/item/tool/lighter,/obj/item/weapon/baton,/obj/item/restraints/handcuffs,/obj/item/explosive/grenade,/obj/item/binoculars,/obj/item/weapon/combat_knife,/obj/item/storage/belt/sparepouch,/obj/item/hailer,/obj/item/storage/large_holster/machete,/obj/item/storage/belt/gun)",,,,,,,,,,,,,,,,,,,,0,,,,,,,,,,,,,,,,,,,,,,,
/obj/item/clothing/suit/storage/marine/MP/WO,"""\improper N3 pattern MA armor""","""A well-crafted suit of N3 Pattern Armor typically distributed to Command Masters at Arms. Useful for letting your men know who is in charge.""",,"list(""melee"" = 50, ""bullet"" = 65, ""laser"" = 40, ""energy"" = 25, ""bomb"" = 30, ""bio"" = 30, ""rad"" = 10, ""fire"" = 25, ""acid"" = 25)","""warrant_officer""",,,,,,,,,,,,,,,,,,,,,,,,,,,,,,,,,,,,,,,,,,,,,,,,,,,
/obj/item/clothing/suit/storage/marine/MP/admiral,"""\improper M3 pattern admiral armor""","""A well-crafted suit of M3 Pattern Armor with a gold shine. It looks very expensive, but shockingly fairly easy to carry and wear.""",,"list(""melee"" = 50, ""bullet"" = 65, ""laser"" = 40, ""energy"" = 25, ""bomb"" = 30, ""bio"" = 30, ""rad"" = 10, ""fire"" = 25, ""acid"" = 25)","""admiral""",,,,,,,,,,,3,,,,,,,,,,,,,,,,,,,,,,,,,,,,,,,,,,,,,,,,
/obj/item/clothing/suit/storage/marine/MP/RO,"""\improper M3 pattern officer armor""","""A well-crafted suit of M3 Pattern Armor typically found in the hands of higher-ranking officers. Useful for letting your men know who is in charge when taking to the field""",,,"""officer""",,,,,,,,,,,,,,,,,,,,,,,,,,,,,,,,,,,,,,,,,,,,,,,,,,,
/obj/item/clothing/suit/storage/marine/smartgunner,"""M56 combat harness""","""A heavy protective vest designed to be worn with the M56 Smartgun System. \nIt has specially designed straps and reinforcement to carry the Smartgun and accessories.""",,"list(""melee"" = 55, ""bullet"" = 55, ""laser"" = 35, ""energy"" = 35, ""bomb"" = 35, ""bio"" = 30, ""rad"" = 10, ""fire"" = 35, ""acid"" = 35)","""8""",,0.35,,,,,,"list(/obj/item/tank/emergency_oxygen,/obj/item/flashlight,/obj/item/ammo_magazine,/obj/item/explosive/mine,/obj/item/weapon/combat_knife,/obj/item/weapon/gun/smartgun,/obj/item/storage/belt/sparepouch)",,"""armor""",,,,,8184,8184,8184,,,,,,,,,,,,,,,,,,,,,,,,,,,,,,,,,,
/obj/item/clothing/suit/storage/marine/smartgunner/fancy,,"""A heavy protective vest designed to be worn with the M56 Smartgun System. \nIt has specially designed straps and reinforcement to carry the Smartgun and accessories. This luxury model appears to belong to the CO. You feel like you probably could get fired for touching this..""",,,"""8fancy""",,,,,,,,,,,,,,,,,,,,,,,,,,,,,,,,,,,,,,,,,,,,,,,,,,,
/obj/item/clothing/suit/storage/marine/smartgunner/veteran,,,,,,,,,,,,,,,,,,,,,,,,,,,,,,,,,,,,,,,,,,,,,,,,,,,,,,,,
/obj/item/clothing/suit/storage/marine/smartgunner/veteran/PMC,"""\improper PMC gunner armor""","""A modification of the standard Armat Systems M3 armor. Hooked up with harnesses and straps allowing the user to carry an M56 Smartgun.""",,"list(""melee"" = 70, ""bullet"" = 75, ""laser"" = 60, ""energy"" = 70, ""bomb"" = 70, ""bio"" = 30, ""rad"" = 20, ""fire"" = 65, ""acid"" = 65)","""heavy_armor""",,1,,,,,,,,,,,,,,,,,,,,,,,,,,,,,,,,,,,,,,,,,,,,,,,,,
/obj/item/clothing/suit/storage/marine/smartgunner/UPP,"""\improper UH7 heavy plated armor""","""An extremely heavy duty set of body armor in service with the UPP military, the UH7 (Union Heavy MK5) is known for being a rugged set of armor, capable of taking immesnse punishment.""",,"list(""melee"" = 85, ""bullet"" = 85, ""laser"" = 50, ""energy"" = 60, ""bomb"" = 60, ""bio"" = 10, ""rad"" = 10, ""fire"" = 60, ""acid"" = 60)","""upp_armor_heavy""",,1,,,,,,,,,,,,,24,,,,,,,,,,,,,,,,,,,,,,,,,,,,,,,,,,,,
/obj/item/clothing/suit/storage/marine/specialist,"""\improper B18 defensive armor""","""A heavy, rugged set of armor plates for when you really, really need to not die horribly. Slows you down though.\nHas an automated diagnostics and medical system for keeping its wearer alive.""",,"list(""melee"" = 70, ""bullet"" = 75, ""laser"" = 70, ""energy"" = 80, ""bomb"" = 80, ""bio"" = 55, ""rad"" = 20, ""fire"" = 80, ""acid"" = 70)","""xarmor""",,1.15,,,,2,,,,,,,,,8184,8184,8184,,,,,,,,,,,,"list(8,16,512,1024,2048,4096,32,64,128,256)",,,,,,,,,,,,,,,,,,,,,,
/obj/item/clothing/suit/storage/marine/B17,"""\improper B17 defensive armor""","""The older brother of the B18. Practically an armored EOD suit made for use by close quarter explosive experts.""",,"list(""melee"" = 65, ""bullet"" = 70, ""laser"" = 45, ""energy"" = 50, ""bomb"" = 100, ""bio"" = 50, ""rad"" = 20, ""fire"" = 70, ""acid"" = 60)","""grenadier""",,1,,,,,,,,,,,,,8184,8184,8184,15000,,,,,,,,,,,,,,,,,,,,,,,,,,,,,,,,,
/obj/item/clothing/suit/storage/marine/M3T,"""\improper M3-T light armor""","""A custom set of M3 armor designed for users of long ranged explosive weaponry.""",,"list(""melee"" = 55, ""bullet"" = 50, ""laser"" = 40, ""energy"" = 25, ""bomb"" = 50, ""bio"" = 30, ""rad"" = 10, ""fire"" = 25, ""acid"" = 25)","""demolitionist""",,0.35,,,,,,list(/obj/item/weapon/gun/launcher/rocket),,,,,,,,,,,,,,,,,,,,,,,,,,,,,,,,,,,,,,,,,,,
/obj/item/clothing/suit/storage/marine/M3S,"""\improper M3-S light armor""","""A custom set of M3 armor designed for TGMC Scouts.""",,"list(""melee"" = 60, ""bullet"" = 60, ""laser"" = 40, ""energy"" = 25, ""bomb"" = 35, ""bio"" = 30, ""rad"" = 10, ""fire"" = 25, ""acid"" = 25)","""scout_armor""",,0.35,,,,,,,,,,,,,,,,,,,,,,,,,,,,,,,,,,,,,,,,,,,,,,,,,
/obj/item/clothing/suit/storage/marine/M35,"""\improper M35 armor""","""A custom set of M35 armor designed for use by TGMC Pyrotechnicians. Contains thick kevlar shielding, partial environmental shielding and thermal dissipators.""",,"list(""melee"" = 60, ""bullet"" = 60, ""laser"" = 60, ""energy"" = 60, ""bomb"" = 30, ""bio"" = 30, ""rad"" = 50, ""fire"" = 90, ""acid"" = 45)","""pyro_armor""",,,,,,,,,,,,,,,8184,8184,8184,30000,,,,,,,,,,,,,,,,,,,,,,,,,,,,,,,,,
/obj/item/clothing/suit/storage/marine/sniper,"""\improper M3 pattern recon armor""","""A custom modified set of M3 armor designed for recon missions.""",,"list(""melee"" = 55, ""bullet"" = 60, ""laser"" = 40, ""energy"" = 25, ""bomb"" = 30, ""bio"" = 30, ""rad"" = 10, ""fire"" = 25, ""acid"" = 25)","""marine_sniper""",,0.35,,,,,,,,,,,,,,,,,,,,,,,,,,,,,,,,,,,,,,,,,,,,,,,,,
/obj/item/clothing/suit/storage/marine/sniper/jungle,"""\improper M3 pattern marksman armor""",,,,"""marine_sniperm""",,,,,,,,,,,,,,,,,,,,,,,,,,,,,,,,,,,,,,,,,,,,,,,,,,,
/obj/item/clothing/suit/storage/marine/veteran,,,,,,,,,,,,,,,,,,,,8184,8184,8184,,,,,,,,,,,,,,,,2,,,,,,,,,,,,,,,,,,
/obj/item/clothing/suit/storage/marine/veteran/PMC,"""\improper M4 pattern PMC armor""","""A modification of the standard Armat Systems M3 armor. Designed for high-profile security operators and corporate mercenaries in mind.""",,"list(""melee"" = 55, ""bullet"" = 62, ""laser"" = 42, ""energy"" = 38, ""bomb"" = 40, ""bio"" = 15, ""rad"" = 15, ""fire"" = 38, ""acid"" = 38)","""pmc_armor""",,0.35,,,,,,"list(/obj/item/weapon/gun,/obj/item/tank/emergency_oxygen,/obj/item/flashlight,/obj/item/ammo_magazine,/obj/item/weapon/baton,/obj/item/restraints/handcuffs,/obj/item/storage/fancy/cigarettes,/obj/item/tool/lighter,/obj/item/explosive/grenade,/obj/item/storage/bible,/obj/item/weapon/claymore/mercsword/machete,/obj/item/weapon/combat_knife)",,,,,,,,,,,,,,,,,,,,0,,,,,,,,,,,,,,,,,,,,,,,
/obj/item/clothing/suit/storage/marine/veteran/PMC/leader,"""\improper M4 pattern PMC leader armor""","""A modification of the standard Armat Systems M3 armor. Designed for high-profile security operators and corporate mercenaries in mind. This particular suit looks like it belongs to a high-ranking officer.""",,,"""officer_armor""",,,,,,,,,,,,,,,,,,,,,,,,,,,,,,,,,,,,,,,,,,,,,,,,,,,
/obj/item/clothing/suit/storage/marine/veteran/PMC/sniper,"""\improper M4 pattern PMC sniper armor""",,,"list(""melee"" = 60, ""bullet"" = 70, ""laser"" = 50, ""energy"" = 60, ""bomb"" = 65, ""bio"" = 10, ""rad"" = 10, ""fire"" = 60, ""acid"" = 60)","""pmc_sniper""",,,,,,,,,,,,,64,128,,,,,,,,,,,,,,,,,,,,,,,,,,,,,,,,,,,,,
/obj/item/clothing/suit/storage/marine/veteran/PMC/commando,"""\improper PMC commando armor""","""A heavily armored suit built by who-knows-what for elite operations. It is a fully self-contained system and is heavily corrosion resistant.""",,"list(""melee"" = 90, ""bullet"" = 120, ""laser"" = 100, ""energy"" = 90, ""bomb"" = 90, ""bio"" = 100, ""rad"" = 100, ""fire"" = 90, ""acid"" = 90)","""commando_armor""",,1.15,,,,2,,,,,,,,,,,,,,,,,,,,,,,,,,,,,,,,,,,,,,,,,,,,,
/obj/item/clothing/suit/storage/marine/veteran/wolves,"""\improper H1 Steel Wolves vest""","""A protective vest worn by Steel Wolves mercenaries.""",,"list(""melee"" = 70, ""bullet"" = 70, ""laser"" = 50, ""energy"" = 60, ""bomb"" = 50, ""bio"" = 10, ""rad"" = 10, ""fire"" = 60, ""acid"" = 60)","""wolf_armor""",,0.2,,,,,,,,,,,,,8184,8184,8184,,,,,,,,,,,,,,,,,,,,,,,,,,,,,,,,,,
/obj/item/clothing/suit/storage/marine/veteran/dutch,"""\improper D2 armored vest""","""A protective vest worn by some seriously experienced mercs.""",,"list(""melee"" = 70, ""bullet"" = 85, ""laser"" = 55, ""energy"" = 65, ""bomb"" = 70, ""bio"" = 10, ""rad"" = 10, ""fire"" = 65, ""acid"" = 65)","""dutch_armor""",,0.2,,,,,,,,,,,,,8184,8184,8184,,,,,,,,,,,,,,,,,,,,,,,,,,,,,,,,,,
/obj/item/clothing/suit/storage/marine/veteran/mercenary,"""\improper K12 ceramic plated armor""","""A set of grey, heavy ceramic armor with dark blue highlights. It is the standard uniform of a unknown mercenary group working in the sector""",,"list(""melee"" = 75, ""bullet"" = 62, ""laser"" = 42, ""energy"" = 38, ""bomb"" = 40, ""bio"" = 15, ""rad"" = 15, ""fire"" = 38, ""acid"" = 38)","""mercenary_heavy_armor""",,0.35,,,,,,"list(/obj/item/weapon/gun,/obj/item/tank/emergency_oxygen,/obj/item/flashlight,/obj/item/ammo_magazine,/obj/item/weapon/baton,/obj/item/restraints/handcuffs,/obj/item/storage/fancy/cigarettes,/obj/item/tool/lighter,/obj/item/explosive/grenade,/obj/item/storage/bible,/obj/item/weapon/claymore/mercsword/machete,/obj/item/weapon/combat_knife)",,,,,,,,,,,,,,,,,,,,,,,,,,,,,,,,,,,,,,,,,,,
/obj/item/clothing/suit/storage/marine/veteran/mercenary/miner,"""\improper Y8 armored miner vest""","""A set of beige, light armor built for protection while mining. It is a specialized uniform of a unknown mercenary group working in the sector""",,"list(""melee"" = 50, ""bullet"" = 42, ""laser"" = 42, ""energy"" = 38, ""bomb"" = 25, ""bio"" = 15, ""rad"" = 15, ""fire"" = 38, ""acid"" = 38)","""mercenary_miner_armor""",,0.35,,,,,,"list(/obj/item/weapon/gun,/obj/item/tank/emergency_oxygen,/obj/item/flashlight,/obj/item/ammo_magazine,/obj/item/weapon/baton,/obj/item/restraints/handcuffs,/obj/item/storage/fancy/cigarettes,/obj/item/tool/lighter,/obj/item/explosive/grenade,/obj/item/storage/bible,/obj/item/weapon/claymore/mercsword/machete,/obj/item/weapon/combat_knife)",,,,,,,,,,,,,,,,,,,,,,,,,,,,,,,,,,,,,,,,,,,
/obj/item/clothing/suit/storage/marine/veteran/mercenary/engineer,"""\improper Z7 armored engineer vest""","""A set of blue armor with yellow highlights built for protection while building in highly dangerous environments. It is a specialized uniform of a unknown mercenary group working in the sector""",,"list(""melee"" = 55, ""bullet"" = 52, ""laser"" = 42, ""energy"" = 38, ""bomb"" = 30, ""bio"" = 15, ""rad"" = 15, ""fire"" = 38, ""acid"" = 38)","""mercenary_engineer_armor""",,0.35,,,,,,"list(/obj/item/weapon/gun,/obj/item/tank/emergency_oxygen,/obj/item/flashlight,/obj/item/ammo_magazine,/obj/item/weapon/baton,/obj/item/restraints/handcuffs,/obj/item/storage/fancy/cigarettes,/obj/item/tool/lighter,/obj/item/explosive/grenade,/obj/item/storage/bible,/obj/item/weapon/claymore/mercsword/machete,/obj/item/weapon/combat_knife)",,,,,,,,,,,,,,,,,,,,,,,,,,,,,,,,,,,,,,,,,,,
/obj/item/clothing/suit/storage/marine/imperial,"""\improper Imperial Guard flak armour""","""A cheap, mass produced armour worn by the Imperial Guard, which are also cheap and mass produced. You can make out what appears to be <i>Cadia stands</i> carved into the armour.""",,"list(""melee"" = 75, ""bullet"" = 65, ""laser"" = 60, ""energy"" = 60, ""bomb"" = 50, ""bio"" = 0, ""rad"" = 0, ""fire"" = 60, ""acid"" = 60)","""guardarmor""",,,,,,,,,,"""guardarmor""",,,,,,,,,,,,,,,,,,,,,,,,,,,,,,,,,,,,,,,,,
/obj/item/clothing/suit/storage/marine/imperial/sergeant,"""\improper Imperial Guard sergeant armour""","""A body armour that offers much better protection than the flak armour.""",,"list(""melee"" = 85, ""bullet"" = 85, ""laser"" = 85, ""energy"" = 85, ""bomb"" = 85, ""bio"" = 25, ""rad"" = 25, ""fire"" = 85, ""acid"" = 85)","""guardSLarmor""",,,,,,,6,,,"""guardSLarmor""",,,,,,,,,,,,,,,,,,,,,,/obj/item/storage/internal/suit/imperial,,,,,,,,,,,,,,,,,,,
/obj/item/clothing/suit/storage/marine/imperial/sergeant/veteran,"""\improper Imperial Guard carapace armour""","""A heavy full body armour that protects the wearer a lot more than the flak armour, also slows down considerably.""",,"list(""melee"" = 90, ""bullet"" = 90, ""laser"" = 90, ""energy"" = 90, ""bomb"" = 90, ""bio"" = 30, ""rad"" = 30, ""fire"" = 90, ""acid"" = 90)","""guardvetarmor""",,1,,,,,,,,"""guardvetarmor""",,,,,,,,,,,,,,,,,,,,,,,,,,,,,,,,,,,,,,,,,
/obj/item/clothing/suit/storage/marine/imperial/medicae,"""\improper Imperial Guard medicae armour""","""An armour worn by the medicae of the Imperial Guard.""",,,"""guardmedicarmor""",,,,,,,,,,"""guardmedicarmor""",,,,,,,,,,,,,,,,,,,,,,,,,,,,,,,,,,,,,,,,,
/obj/item/clothing/suit/storage/marine/imperial/power,"""\improper salvaged Space Marine power armour""","""A power armour that was once broken, is functional once again. However this version isn't as powerful as the real power armour.""",,"list(""melee"" = 75, ""bullet"" = 60, ""laser"" = 55, ""energy"" = 40, ""bomb"" = 45, ""bio"" = 15, ""rad"" = 15, ""fire"" = 40, ""acid"" = 40)",,,,,,,,6,,,,,,,,,,,,,,,,,,,,,,,,,/obj/item/storage/internal/suit/imperial,,,,,,,,,,,,,,,,,,,
/obj/item/clothing/suit/storage/marine/imperial/power/astartes,"""\improper Space Marine power armour""","""You feel a chill running down your spine just looking at this. This is the power armour that the Space Marines wear themselves. The servos inside the power armour allow you to move at incredible speeds.""",,"list(""melee"" = 95, ""bullet"" = 95, ""laser"" = 95, ""energy"" = 95, ""bomb"" = 95, ""bio"" = 95, ""rad"" = 95, ""fire"" = 95, ""acid"" = 95)",,,0.35,,,,,,,,,,,,,,,,,,,,,,,,,,,,,,,,,,,,,,,,,,,,,,,,,
/obj/item/clothing/suit/storage/marine/imperial/commissar,"""\improper commissar coat""","""A armored coat worn by commissars of the Imperial Army.""",,"list(""melee"" = 75, ""bullet"" = 60, ""laser"" = 55, ""energy"" = 40, ""bomb"" = 45, ""bio"" = 15, ""rad"" = 15, ""fire"" = 40, ""acid"" = 40)","""commissar_coat""",,,,,,,,,,"""commissar_coat""",,,,,,,,,,,,,,,,,,,,,,,,,,,,,,,,,,,,,,,,,
/obj/item/clothing/suit/storage/marine/som,"""\improper S12 hauberk""","""A heavily modified piece of mining equipment remade for general purpose combat use. It's light but practically gives no armor.""",,"list(""melee"" = 30, ""bullet"" = 30, ""laser"" = 30, ""energy"" = 30, ""bomb"" = 30, ""bio"" = 5, ""rad"" = 5, ""fire"" = 30, ""acid"" = 30)","""som_armor""",,0.35,,,,,,,,"""som_armor""",,,,,24,,,,,,,,,,,,,0,,,,,,,,,,,,,,,,,,,,,,,
/obj/item/clothing/suit/storage/marine/som/veteran,"""\improper S12 combat Hauberk""","""A heavily modified piece of mining equipment remade for general purpose combat use. Seems to have been modifed much further than other pieces like it. Heavier but tougher because of it.""",,"list(""melee"" = 40, ""bullet"" = 40, ""laser"" = 30, ""energy"" = 40, ""bomb"" = 30, ""bio"" = 10, ""rad"" = 10, ""fire"" = 40, ""acid"" = 40)","""som_armor_veteran""",,0.55,,,,,,,,"""som_armor_veteran""",,,,,1656,,,,,,,,,,,,,,,,,,,,,,,,,,,,,,,,,,,,
/obj/item/clothing/suit/storage/marine/som/leader,"""\improper S13 leader hauberk""","""A heavily modified modified piece of mining equipment remade for general purpose combat use. Modified extensively than other pieces like it but heavier because of it.""",,"list(""melee"" = 50, ""bullet"" = 50, ""laser"" = 40, ""energy"" = 50, ""bomb"" = 40, ""bio"" = 15, ""rad"" = 15, ""fire"" = 50, ""acid"" = 50)","""som_armor_leader""",,0.55,,,,,,,,"""som_armor_leader""",,,,,1656,,,,,,,,,,,,,,,,,,,,,,,,,,,,,,,,,,,,
/obj/item/clothing/suit/storage/faction,,,,"list(""melee"" = 50, ""bullet"" = 40, ""laser"" = 35, ""energy"" = 20, ""bomb"" = 25, ""bio"" = 10, ""rad"" = 10, ""fire"" = 20, ""acid"" = 20)",,'icons/obj/clothing/cm_suits.dmi',0.55,,,2,,,"list(/obj/item/weapon/gun,/obj/item/tank/emergency_oxygen,/obj/item/flashlight,/obj/item/ammo_magazine,/obj/item/explosive/grenade,/obj/item/binoculars,/obj/item/weapon/combat_knife,/obj/item/storage/belt/sparepouch,/obj/item/storage/large_holster/machete)",,,,,,,8184,8184,8184,600,200,list(/datum/action/item_action/toggle),,,0.7,,,,1,,,"""armor""",,,2,,0,"new /list(""lamp"")",,,,,,,,,,,,,,,
/obj/item/clothing/suit/storage/faction/UPP,"""\improper UM5 personal armor""","""Standard body armor of the UPP military, the UM5 (Union Medium MK5) is a medium body armor, roughly on par with the venerable M3 pattern body armor in service with the TGMC.""",,"list(""melee"" = 60, ""bullet"" = 60, ""laser"" = 50, ""energy"" = 60, ""bomb"" = 40, ""bio"" = 10, ""rad"" = 10, ""fire"" = 60, ""acid"" = 60)","""upp_armor""",,0.55,,,,,,,,,,,,,24,,,,,,,,,,,,,,,,,,,,,,,,,,,,,,,,,,,,
/obj/item/clothing/suit/storage/faction/UPP/commando,"""\improper UM5CU personal armor""","""A modification of the UM5, designed for stealth operations.""",,,"""upp_armor_commando""",,0.35,,,,,,,,,,,,,,,,,,,,,,,,,,,,,,,,,,,,,,,,,,,,,,,,,
/obj/item/clothing/suit/storage/faction/UPP/heavy,"""\improper UH7 heavy plated armor""","""An extremely heavy duty set of body armor in service with the UPP military, the UH7 (Union Heavy MK5) is known for being a rugged set of armor, capable of taking immesnse punishment.""",,"list(""melee"" = 85, ""bullet"" = 85, ""laser"" = 50, ""energy"" = 60, ""bomb"" = 60, ""bio"" = 10, ""rad"" = 10, ""fire"" = 60, ""acid"" = 60)","""upp_armor_heavy""",,1,,,,,,,,,,,,,120,,,,,,,,,,,,,,,,,,,,,,,,,,,,,,,,,,,,
/obj/item/clothing/suit/storage/faction/freelancer,"""\improper freelancer cuirass""","""A armored protective chestplate scrapped together from various plates. It keeps up remarkably well, as the craftsmanship is solid, and the design mirrors such armors in the UPP and the TGMC.""",,"list(""melee"" = 60, ""bullet"" = 60, ""laser"" = 50, ""energy"" = 60, ""bomb"" = 40, ""bio"" = 10, ""rad"" = 10, ""fire"" = 60, ""acid"" = 60)","""freelancer_armor""",,0.35,,,,,,,,,,,,,8184,8184,8184,,,,,,,,,,,,,,,,,,,,,,,,,,,,,,,,,,
/obj/item/clothing/suit/storage/militia,"""\improper colonial militia hauberk""","""The hauberk of a colonist militia member, created from boiled leather and some modern armored plates. While primitive compared to most modern suits of armor, it gives the wearer almost perfect mobility, which suits the needs of the local colonists. """,,"list(""melee"" = 40, ""bullet"" = 40, ""laser"" = 40, ""energy"" = 30, ""bomb"" = 60, ""bio"" = 30, ""rad"" = 30, ""fire"" = 30, ""acid"" = 30)","""rebel_armor""",'icons/obj/clothing/cm_suits.dmi',0.2,,,,,,"list(/obj/item/weapon/gun,/obj/item/tank/emergency_oxygen,/obj/item/flashlight,/obj/item/ammo_magazine,/obj/item/explosive/grenade,/obj/item/binoculars,/obj/item/weapon/combat_knife,/obj/item/storage/belt/sparepouch,/obj/item/storage/large_holster/machete,/obj/item/weapon/baseballbat)",,,,,,,8184,8184,8184,,2,,,,,,,,1,,,,,,,,,,,,,,,,,,,,,,,,
/obj/item/clothing/suit/storage/CMB,"""\improper CMB jacket""","""A green jacket worn by crew on the Colonial Marshals.""",,"list(""melee"" = 40, ""bullet"" = 40, ""laser"" = 40, ""energy"" = 30, ""bomb"" = 60, ""bio"" = 30, ""rad"" = 30, ""fire"" = 30, ""acid"" = 30)","""CMB_jacket""",,,,,,,,"list(/obj/item/weapon/gun,/obj/item/tank/emergency_oxygen,/obj/item/storage/belt/sparepouch,/obj/item/storage/large_holster/machete,/obj/item/storage/belt/gun)",,,,,,,,,,,,,,,,,,,,,,"""coat""",,,,,,,,,,,,,,,,,,,,,
/obj/item/clothing/suit/storage/RO,"""\improper RO jacket""","""A green jacket worn by TGMC personnel. The back has the flag of the TerraGov on it.""",,,"""RO_jacket""",,,,,,,,,,,,,,,8184,8184,8184,,,,,,,,,,,,,"""coat""",,,,,,,,,,,,,,,,,,,,,
/obj/item/clothing/suit/space,"""Space suit""","""A suit that protects against low pressure environments.""",,"list(""melee"" = 0, ""bullet"" = 0, ""laser"" = 0, ""energy"" = 0, ""bomb"" = 0, ""bio"" = 100, ""rad"" = 50, ""fire"" = 0, ""acid"" = 0)","""space""",,3,0,,,,,"list(/obj/item/flashlight,/obj/item/tank/emergency_oxygen,/obj/item/suit_cooling_unit)",null,"""s_suit""",4,,192,1037,8184,,8184,,2,,0.01,0.02,0.9,,,,,,,,,,,,,,1,list(),0.2,3,0,0,,,,,,,,,
/obj/item/clothing/suit/space/rig,"""hardsuit""","""A special space suit for environments that might pose hazards beyond just the vacuum of space. Provides more protection than a standard space suit.""",null,"list(""melee"" = 40, ""bullet"" = 5, ""laser"" = 20, ""energy"" = 5, ""bomb"" = 35, ""bio"" = 100, ""rad"" = 20, ""fire"" = 5, ""acid"" = 5)","""rig-engineering""",,1,,,,,,"list(/obj/item/flashlight,/obj/item/tank,/obj/item/suit_cooling_unit)",,"""eng_hardsuit""",,,,,,8184,,5000,,,,,,,,,,,,,,,,,,,1,,,18,,,1,null,1,null,0,null,null,null,
/obj/item/clothing/suit/space/rig/ert,"""emergency response team suit""","""A suit worn by members of the NanoTrasen Emergency Response Team. Armoured, space ready, and fire resistant.""",,"list(""melee"" = 60, ""bullet"" = 50, ""laser"" = 30, ""energy"" = 15, ""bomb"" = 30, ""bio"" = 100, ""rad"" = 100, ""fire"" = 15, ""acid"" = 15)","""ert_commander""",,1,,,,,,"list(/obj/item/flashlight,/obj/item/tank,/obj/item/t_scanner,/obj/item/rcd,/obj/item/tool/crowbar,/obj/item/tool/screwdriver,/obj/item/tool/weldingtool,/obj/item/tool/wirecutters,/obj/item/tool/wrench,/obj/item/multitool,/obj/item/radio,/obj/item/analyzer,/obj/item/weapon/gun)",,"""suit-command""",3,,,,,,,,,,,,0.6,,,,,,,,,,,,,,,,,,,,,,,,,,,,
/obj/item/clothing/suit/space/rig/ert/commander,"""emergency response team commander suit""","""A suit worn by the commander of a NanoTrasen Emergency Response Team. Has blue highlights. Armoured, space ready, and fire resistant.""",,,"""ert_commander""",,,,,,,,,,"""suit-command""",,,,,,,,,,,,,,,,,,,,,,,,,,,,,,,,,,,,,,,,,
/obj/item/clothing/suit/space/rig/ert/security,"""emergency response team security suit""","""A suit worn by security members of a NanoTrasen Emergency Response Team. Has red highlights. Armoured, space ready, and fire resistant.""",,,"""ert_security""",,,,,,,,,,"""syndicate-black-red""",,,,,,,,,,,,,,,,,,,,,,,,,,,,,,,,,,,,,,,,,
/obj/item/clothing/suit/space/rig/ert/engineer,"""emergency response team engineer suit""","""A suit worn by the engineering of a NanoTrasen Emergency Response Team. Has orange highlights. Armoured, space ready, and fire resistant.""",,,"""ert_engineer""",,,,,,,,,,,,,,,,,,,,,,,,,,,,,,,,,,,,,,,,,,,,,,,,,,,
/obj/item/clothing/suit/space/rig/ert/medical,"""emergency response team medical suit""","""A suit worn by medical members of a NanoTrasen Emergency Response Team. Has white highlights. Armoured and space ready.""",,,"""ert_medical""",,,,,,,,,,,,,,,,,,,,,,,,,,,,,,,,,,,,,,,,,,,,,,,,,,,
/obj/item/clothing/suit/space/rig/engineering,"""engineering hardsuit""","""A special suit that protects against hazardous, low pressure environments. Has radiation shielding.""",,"list(""melee"" = 40, ""bullet"" = 5, ""laser"" = 20, ""energy"" = 5, ""bomb"" = 35, ""bio"" = 100, ""rad"" = 80, ""fire"" = 5, ""acid"" = 5)","""rig-engineering""",,1,,,,,,"list(/obj/item/flashlight,/obj/item/tank,/obj/item/suit_cooling_unit,/obj/item/storage/bag/ore,/obj/item/t_scanner,/obj/item/tool/pickaxe,/obj/item/rcd)",,"""eng_hardsuit""",,,,,,,,,,,,,,,,,,,,,,,,,,,,,,,,,,,,,,,,,
/obj/item/clothing/suit/space/rig/engineering/chief,"""advanced hardsuit""","""An advanced suit that protects against hazardous, low pressure environments. Shines with a high polish.""",,,"""rig-white""",,,,,,,,,,"""ce_hardsuit""",,,,,,,,,,,,,,,,,,,,,,,,,,,,,,,,,,,,,,,,,
/obj/item/clothing/suit/space/rig/mining,"""mining hardsuit""","""A special suit that protects against hazardous, low pressure environments. Has reinforced plating.""",,"list(""melee"" = 50, ""bullet"" = 5, ""laser"" = 20, ""energy"" = 5, ""bomb"" = 55, ""bio"" = 100, ""rad"" = 20, ""fire"" = 5, ""acid"" = 5)","""rig-mining""",,,,,,,,,,"""mining_hardsuit""",,,,,,,,,,,,,,,,,,,,,,,,,,,,,,,,,,,,,,,,,
/obj/item/clothing/suit/space/rig/syndi,"""blood-red hardsuit""","""An advanced suit that protects against injuries during special operations. Property of Gorlex Marauders.""",,"list(""melee"" = 60, ""bullet"" = 50, ""laser"" = 30, ""energy"" = 15, ""bomb"" = 35, ""bio"" = 100, ""rad"" = 60, ""fire"" = 15, ""acid"" = 15)","""rig-syndie""",,1,,,,,,"list(/obj/item/flashlight,/obj/item/tank,/obj/item/suit_cooling_unit,/obj/item/weapon/gun,/obj/item/ammo_magazine,/obj/item/ammo_casing,/obj/item/weapon/baton,/obj/item/weapon/energy/sword,/obj/item/restraints/handcuffs)",,"""syndie_hardsuit""",3,,,,,,,,,,,,0.6,,,,,,,,,,,,,,,,,,,,,,,,,,,,
/obj/item/clothing/suit/space/rig/wizard,"""gem-encrusted hardsuit""","""A bizarre gem-encrusted suit that radiates magical energies.""",,"list(""melee"" = 40, ""bullet"" = 20, ""laser"" = 20, ""energy"" = 20, ""bomb"" = 35, ""bio"" = 100, ""rad"" = 60, ""fire"" = 20, ""acid"" = 20)","""rig-wiz""",,1,,,,2,,,,"""wiz_hardsuit""",3,,,,,,,,,,,,0.7,,,,,,,,,,,,,,,,,,,,,,,,,,,,
/obj/item/clothing/suit/space/rig/medical,"""medical hardsuit""","""A special suit that protects against hazardous, low pressure environments. Has minor radiation shielding.""",,"list(""melee"" = 30, ""bullet"" = 5, ""laser"" = 20, ""energy"" = 5, ""bomb"" = 25, ""bio"" = 100, ""rad"" = 50, ""fire"" = 5, ""acid"" = 5)","""rig-medical""",,,,,,,,"list(/obj/item/flashlight,/obj/item/tank,/obj/item/suit_cooling_unit,/obj/item/storage/firstaid,/obj/item/healthanalyzer,/obj/item/stack/medical)",,"""medical_hardsuit""",,,,,,,,,,,,,,,,,,,,,,,,,,,,,,,,,,,,,,,,,
/obj/item/clothing/suit/space/rig/security,"""security hardsuit""","""A special suit that protects against hazardous, low pressure environments. Has an additional layer of armor.""",,"list(""melee"" = 60, ""bullet"" = 10, ""laser"" = 30, ""energy"" = 5, ""bomb"" = 45, ""bio"" = 100, ""rad"" = 10, ""fire"" = 5, ""acid"" = 5)","""rig-sec""",,,,,,,,"list(/obj/item/weapon/gun,/obj/item/flashlight,/obj/item/tank,/obj/item/suit_cooling_unit,/obj/item/weapon/baton)",,"""sec_hardsuit""",,,,,,,,,,,,,0.7,,,,,,,,,,,,,,,,,,,,,,,,,,,,
/obj/item/clothing/suit/space/rig/atmos,"""atmos hardsuit""","""A special suit that protects against hazardous, low pressure environments. Has improved thermal protection and minor radiation shielding.""",,"list(""melee"" = 40, ""bullet"" = 5, ""laser"" = 20, ""energy"" = 5, ""bomb"" = 35, ""bio"" = 100, ""rad"" = 50, ""fire"" = 5, ""acid"" = 5)","""rig-atmos""",,,,,,,,,,"""atmos_hardsuit""",,,,,,,,30000,,,,,,,,,,,,,,,,,,,,,,,,,,,,,,,,,
/obj/item/clothing/suit/space/santa,"""Santa's suit""","""Festive!""",,,"""santa""",,0,,,,,,list(/obj/item),,"""santa""",,,,,,,,,,,,,,,,,,,,,,,,,,,,,,,,,,,,,,,,,
/obj/item/clothing/suit/space/pirate,"""pirate coat""","""Yarr.""",,"list(""melee"" = 60, ""bullet"" = 50, ""laser"" = 30, ""energy"" = 15, ""bomb"" = 30, ""bio"" = 30, ""rad"" = 30, ""fire"" = 15, ""acid"" = 15)","""pirate""",,0,,,,,,"list(/obj/item/weapon/gun,/obj/item/ammo_magazine,/obj/item/ammo_casing,/obj/item/weapon/baton,/obj/item/restraints/handcuffs,/obj/item/tank/emergency_oxygen)",,"""pirate""",3,,,,1544,,,,,,,,0.9,,,,,,,,,,,,,,,,,,,,,,,,,,,,
/obj/item/clothing/suit/space/compression,"""\improper MK.50 compression suit""","""A heavy, bulky civilian space suit, fitted with armored plates. Commonly seen in the hands of mercenaries, explorers, scavengers, and researchers.""",,"list(""melee"" = 50, ""bullet"" = 55, ""laser"" = 65, ""energy"" = 70, ""bomb"" = 65, ""bio"" = 100, ""rad"" = 70, ""fire"" = 70, ""acid"" = 70)","""compression""",,,,,,2,,,,"""compression""",,,,,,,,,,,,,,,,,,,,,,,,,,,,,,,,,,,,,,,,,
/obj/item/clothing/suit/space/syndicate,"""red space suit""","""Has a tag on it: Totally not property of of a hostile corporation, honest!""",,"list(""melee"" = 60, ""bullet"" = 50, ""laser"" = 30, ""energy"" = 15, ""bomb"" = 30, ""bio"" = 30, ""rad"" = 30, ""fire"" = 15, ""acid"" = 15)","""syndicate""",,1,,,,,,"list(/obj/item/weapon/gun,/obj/item/ammo_magazine,/obj/item/ammo_casing,/obj/item/weapon/baton,/obj/item/weapon/energy/sword,/obj/item/restraints/handcuffs,/obj/item/tank/emergency_oxygen)",,"""space_suit_syndicate""",3,,,,,,,,,,,,0.6,,,,,,,,,,,,,,,,,,,,,,,,,,,,
/obj/item/clothing/suit/space/syndicate/green,"""Green Space Suit""",,,,"""syndicate-green""",,,,,,,,,,"""syndicate-green""",,,,,,,,,,,,,,,,,,,,,,,,,,,,,,,,,,,,,,,,,
/obj/item/clothing/suit/space/syndicate/green/dark,"""Dark Green Space Suit""",,,,"""syndicate-green-dark""",,,,,,,,,,"""syndicate-green-dark""",,,,,,,,,,,,,,,,,,,,,,,,,,,,,,,,,,,,,,,,,
/obj/item/clothing/suit/space/syndicate/orange,"""Orange Space Suit""",,,,"""syndicate-orange""",,,,,,,,,,"""syndicate-orange""",,,,,,,,,,,,,,,,,,,,,,,,,,,,,,,,,,,,,,,,,
/obj/item/clothing/suit/space/syndicate/blue,"""Blue Space Suit""",,,,"""syndicate-blue""",,,,,,,,,,"""syndicate-blue""",,,,,,,,,,,,,,,,,,,,,,,,,,,,,,,,,,,,,,,,,
/obj/item/clothing/suit/space/syndicate/black,"""Black Space Suit""",,,,"""syndicate-black""",,,,,,,,,,"""syndicate-black""",,,,,,,,,,,,,,,,,,,,,,,,,,,,,,,,,,,,,,,,,
/obj/item/clothing/suit/space/syndicate/black/green,"""Black and Green Space Suit""",,,,"""syndicate-black-green""",,,,,,,,,,"""syndicate-black-green""",,,,,,,,,,,,,,,,,,,,,,,,,,,,,,,,,,,,,,,,,
/obj/item/clothing/suit/space/syndicate/black/blue,"""Black and Blue Space Suit""",,,,"""syndicate-black-blue""",,,,,,,,,,"""syndicate-black-blue""",,,,,,,,,,,,,,,,,,,,,,,,,,,,,,,,,,,,,,,,,
/obj/item/clothing/suit/space/syndicate/black/med,"""Green Space Suit""",,,,"""syndicate-black-med""",,,,,,,,,,"""syndicate-black""",,,,,,,,,,,,,,,,,,,,,,,,,,,,,,,,,,,,,,,,,
/obj/item/clothing/suit/space/syndicate/black/orange,"""Black and Orange Space Suit""",,,,"""syndicate-black-orange""",,,,,,,,,,"""syndicate-black""",,,,,,,,,,,,,,,,,,,,,,,,,,,,,,,,,,,,,,,,,
/obj/item/clothing/suit/space/syndicate/black/red,"""Black and Red Space Suit""",,,,"""syndicate-black-red""",,,,,,,,,,"""syndicate-black-red""",,,,,,,,,,,,,,,,,,,,,,,,,,,,,,,,,,,,,,,,,
/obj/item/clothing/suit/space/syndicate/black/engie,"""Black Engineering Space Suit""",,,,"""syndicate-black-engie""",,,,,,,,,,"""syndicate-black""",,,,,,,,,,,,,,,,,,,,,,,,,,,,,,,,,,,,,,,,,
/obj/item/clothing/suit/space/tgmc,"""\improper TGMC Compression Suit""","""A high tech, TGMC designed, dark red Space suit. Used for maintenance in space.""",,,"""void""",,1,,,,,,,,"""void""",,,,,,,,,,,,,,,,,,,,,,,,,,,,,,,,,,,,,,,,,
/obj/item/clothing/suit/armor,,,,,,,,,,,,,list(/obj/item/weapon/gun),,,5,,64,,24,24,24,600,200,,,,0.6,,,,,,,,,,,,,,,,,,,,,,,,,,,,
/obj/item/clothing/suit/armor/captain,"""Captain's armor""","""A bulky, heavy-duty piece of exclusive Nanotrasen armor. YOU are in charge!""",,"list(""melee"" = 65, ""bullet"" = 50, ""laser"" = 50, ""energy"" = 25, ""bomb"" = 50, ""bio"" = 100, ""rad"" = 50, ""fire"" = 25, ""acid"" = 25)","""caparmor""",,1.5,,,,,,"list(/obj/item/tank/emergency_oxygen,/obj/item/flashlight,/obj/item/weapon/gun,/obj/item/ammo_magazine,/obj/item/weapon/baton,/obj/item/restraints/handcuffs)",,"""capspacesuit""",4,,128,1037,2040,,8184,,2,,0.01,0.02,0.7,,,,,,,,,,,,,,,,,,,,,,,,,,,,
/obj/item/clothing/suit/armor/vest,"""armored vest""","""An armored vest that protects against some damage.""",,"list(""melee"" = 20, ""bullet"" = 30, ""laser"" = 25, ""energy"" = 10, ""bomb"" = 15, ""bio"" = 0, ""rad"" = 0, ""fire"" = 10, ""acid"" = 10)","""armor""",,,,,,,,,,"""armor""",,,,,8,,,,,,,0.8,,,,,,,,"""armor""",,,,,,,,,,,,,,,,,,,,,
/obj/item/clothing/suit/armor/vest/pilot,"""\improper M70 flak jacket""","""A flak jacket used by dropship pilots to protect themselves while flying in the cockpit. Excels in protecting the wearer against high-velocity solid projectiles.""",,"list(""melee"" = 50, ""bullet"" = 60, ""laser"" = 35, ""energy"" = 20, ""bomb"" = 25, ""bio"" = 0, ""rad"" = 0, ""fire"" = 20, ""acid"" = 20)","""pilot""",'icons/obj/clothing/cm_suits.dmi',,,,,,,"list(/obj/item/weapon/gun,/obj/item/tank/emergency_oxygen,/obj/item/flashlight,/obj/item/ammo_magazine,/obj/item/storage/fancy/cigarettes,/obj/item/tool/lighter,/obj/item/weapon/baton,/obj/item/restraints/handcuffs,/obj/item/explosive/grenade,/obj/item/binoculars,/obj/item/weapon/combat_knife,/obj/item/storage/belt/sparepouch,/obj/item/storage/large_holster/machete,/obj/item/storage/belt/gun/m4a3,/obj/item/storage/belt/gun/m44)",,,,,,,24,24,24,,,,,,,,,,1,,,"""armor""",,,,,,,,,,,,,,,,,,,,,
/obj/item/clothing/suit/armor/vest/dutch,"""armored jacket""","""It's hot in the jungle. Sometimes it's hot and heavy, and sometimes it's hell on earth.""",,,"""dutch_armor""",'icons/obj/clothing/cm_suits.dmi',,,,,,,,,,,,,,24,,,,,,,,,,,,,,,,,,,,,,,,,,,,,,,,,,,,
/obj/item/clothing/suit/armor/vest/admiral,"""admiral's jacket""","""An armoured jacket with gold regalia""",,,"""admiral_jacket""",,,,,,,,,,"""admiral_jacket""",3,,,,1560,,,,,,,,,,,,,,,,,,,,,,,,,,,,,,,,,,,,
/obj/item/clothing/suit/armor/vest/security,"""security armor""","""An armored vest that protects against some damage.""",,,"""armorsec""",,0.55,,,,,,,,"""armorsec""",,,,,,,,,,,,,,,,,,,,,,,,,,,,,,,,,,,,,,,,,
/obj/item/clothing/suit/armor/vest/warden,"""Warden's jacket""","""An armoured jacket with silver rank pips and livery.""",,,"""warden_jacket""",,,,,,,,,,"""warden_jacket""",,,,,1560,,,,,,,,,,,,,,,,,,,,,,,,,,,,,,,,,,,,
/obj/item/clothing/suit/armor/vest/ert,"""emergency response team armor""","""A set of armor worn by members of the NanoTrasen Emergency Response Team.""",,"list(""melee"" = 60, ""bullet"" = 60, ""laser"" = 60, ""energy"" = 40, ""bomb"" = 20, ""bio"" = 0, ""rad"" = 0, ""fire"" = 40, ""acid"" = 40)","""ertarmor_cmd""",,,,,,,,,,"""ertarmor_cmd""",,,,,,,,,,,,,,,,,,,,,,,,,,,,,,,,,,,,,,,,,
/obj/item/clothing/suit/armor/vest/ert/command,"""emergency response team commander armor""","""A set of armor worn by the commander of a NanoTrasen Emergency Response Team. Has blue highlights.""",,,,,,,,,,,,,,,,,,,,,,,,,,,,,,,,,,,,,,,,,,,,,,,,,,,,,,
/obj/item/clothing/suit/armor/vest/ert/security,"""emergency response team security armor""","""A set of armor worn by security members of the NanoTrasen Emergency Response Team. Has red highlights.""",,,"""ertarmor_sec""",,,,,,,,,,"""ertarmor_sec""",,,,,,,,,,,,,,,,,,,,,,,,,,,,,,,,,,,,,,,,,
/obj/item/clothing/suit/armor/vest/ert/engineer,"""emergency response team engineer armor""","""A set of armor worn by engineering members of the NanoTrasen Emergency Response Team. Has orange highlights.""",,,"""ertarmor_eng""",,,,,,,,,,"""ertarmor_eng""",,,,,,,,,,,,,,,,,,,,,,,,,,,,,,,,,,,,,,,,,
/obj/item/clothing/suit/armor/vest/ert/medical,"""emergency response team medical armor""","""A set of armor worn by medical members of the NanoTrasen Emergency Response Team. Has red and white highlights.""",,,"""ertarmor_med""",,,,,,,,,,"""ertarmor_med""",,,,,,,,,,,,,,,,,,,,,,,,,,,,,,,,,,,,,,,,,
/obj/item/clothing/suit/armor/laserproof,"""Ablative Armor Vest""","""A vest that excels in protecting the wearer against energy projectiles.""",,"list(""melee"" = 10, ""bullet"" = 10, ""laser"" = 80, ""energy"" = 50, ""bomb"" = 0, ""bio"" = 0, ""rad"" = 0, ""fire"" = 50, ""acid"" = 50)","""armor_reflec""",,,,,,,,,,"""armor_reflec""",,,,,,,,,,,,,0,,,,,,,"""armor""",,,,,,,,,,,,,,,,,,,,,
/obj/item/clothing/suit/armor/bulletproof,"""bulletproof vest""","""A vest that excels in protecting the wearer against high-velocity solid projectiles.""",,"list(""melee"" = 20, ""bullet"" = 50, ""laser"" = 25, ""energy"" = 10, ""bomb"" = 15, ""bio"" = 0, ""rad"" = 0, ""fire"" = 10, ""acid"" = 10)","""bulletproof""",,,,,,,,,,"""bulletproof""",,,,,8,,,,,,,0.9,0.7,20,20,,,,,"""armor""",,,,,,,,,,,,,,,,,,,,,
/obj/item/clothing/suit/armor/riot,"""riot suit""","""A suit of armor with heavy padding to protect against melee attacks. Looks like it might impair movement.""",,"list(""melee"" = 80, ""bullet"" = 10, ""laser"" = 10, ""energy"" = 10, ""bomb"" = 0, ""bio"" = 0, ""rad"" = 0, ""fire"" = 10, ""acid"" = 10)","""riot""",,1,,,,,,,,"""swat""",,,64,4,1656,,,,,,,0.7,0.5,20,20,,,,,,,,,,,,,,,,,,,,,,,,,,
/obj/item/clothing/suit/armor/riot/marine,"""\improper M5 riot control armor""","""A heavily modified suit of M2 MP Armor used to supress riots from buckethead marines. Slows you down a lot.""",,"list(""melee"" = 70, ""bullet"" = 70, ""laser"" = 35, ""energy"" = 20, ""bomb"" = 35, ""bio"" = 10, ""rad"" = 10, ""fire"" = 20, ""acid"" = 20)","""riot""",,1.15,,,,,,,,"""swat""",,,,,,,,,,,,,,,,,,,,,,,,,,,,,,,,,,,,,,,,,
/obj/item/clothing/suit/armor/swat,"""swat suit""","""A heavily armored suit that protects against moderate damage. Used in special operations.""",,"list(""melee"" = 80, ""bullet"" = 60, ""laser"" = 50, ""energy"" = 25, ""bomb"" = 50, ""bio"" = 100, ""rad"" = 100, ""fire"" = 25, ""acid"" = 25)","""deathsquad""",,1,,,,,,"list(/obj/item/weapon/gun,/obj/item/ammo_magazine,/obj/item/ammo_casing,/obj/item/weapon/baton,/obj/item/restraints/handcuffs,/obj/item/tank/emergency_oxygen)",,"""swat""",,,192,13,2040,,8184,,2,,0.01,0.01,0.6,,,,,,,,,,,,,,,,,,,,,,,,,,,,
/obj/item/clothing/suit/armor/swat/officer,"""officer jacket""","""An armored jacket used in special operations.""",,,"""detective""",,,,,,,,,,"""det_suit""",,,0,0,1544,,,,,,,,,,,,,,,"""coat""",,,,,,,,,,,,,,,,,,,,,
/obj/item/clothing/suit/armor/det_suit,"""armor""","""An armored vest with a detective's badge on it.""",,"list(""melee"" = 50, ""bullet"" = 15, ""laser"" = 50, ""energy"" = 10, ""bomb"" = 25, ""bio"" = 0, ""rad"" = 0, ""fire"" = 10, ""acid"" = 10)","""detective-armor""",,,,,,,,,,"""detective-armor""",,,,,24,,,,,,,,,,,,,,,"""armor""",,,,,,,,,,,,,,,,,,,,,
/obj/item/clothing/suit/armor/reactive,"""Reactive Shield Armor""","""Highly experimental armor. Do not use outside of controlled lab conditions.""",,"list(""melee"" = 0, ""bullet"" = 0, ""laser"" = 0, ""energy"" = 0, ""bomb"" = 0, ""bio"" = 0, ""rad"" = 0, ""fire"" = 0, ""acid"" = 0)","""reactiveoff""",,1,,,2,,,,,"""reactiveoff""",,,,,,,,,,,,,,,,,,,,"""armor""",,,,,,,,,,,,,,,,,,,,,
/obj/item/clothing/suit/armor/reactive/red,,,,,,,,,,,,,,,,,,,,,,,,,,,,,,,,,,,,"""shield-red""",,,,,,,,,,,,,,,,,,,,
/obj/item/clothing/suit/armor/rugged,"""rugged armor""","""A suit of armor used by workers in dangerous environments.""",,"list(""melee"" = 50, ""bullet"" = 40, ""laser"" = 40, ""energy"" = 40, ""bomb"" = 50, ""bio"" = 0, ""rad"" = 0, ""fire"" = 50, ""acid"" = 50)","""swatarmor""",,0,,,,,,,,"""swatarmor""",,,,,8184,,,,,,,,0.7,,,,,,,,,,,,,,,,,,,,,,,,,,,,null
/obj/item/clothing/suit/armor/centcomm,"""Cent. Com. armor""","""A suit that protects against some damage.""",,,"""centcom""",,,,,,,,"list(/obj/item/weapon/gun,/obj/item/weapon/baton,/obj/item/restraints/handcuffs,/obj/item/tank/emergency_oxygen)",,"""centcom""",4,,0,13,8184,,8184,,2,,,,0,,,,,,,,,,,,,,,,,,,,,,,,,,,,
/obj/item/clothing/suit/armor/heavy,"""heavy armor""","""A heavily armored suit that protects against moderate damage.""",,,"""heavy""",,3,,,,,,,,"""swat_suit""",4,,,13,8184,,,,,,0.9,,0,,,,,,,,,,,,,,,,,,,,,,,,,,,,
/obj/item/clothing/suit/armor/tdome,,,,,,,,,,,,,,,,,,,13,8184,,,,,,,,,,,,,,,,,,,,,,,,,,,,,,,,,,,,
/obj/item/clothing/suit/armor/tdome/red,"""Thunderdome suit (red)""","""Reddish armor.""",,,"""tdred""",,,,,,,,,,"""tdred""",,,,,,,,,,,,,1,,,,,,,,,,,,,,,,,,,,,,,,,,,,
/obj/item/clothing/suit/armor/tdome/green,"""Thunderdome suit (green)""","""Pukish armor.""",,,"""tdgreen""",,,,,,,,,,"""tdgreen""",,,,,,,,,,,,,1,,,,,,,,,,,,,,,,,,,,,,,,,,,,
/obj/item/clothing/suit/armor/tactical,"""tactical armor""","""A suit of armor most often used by Special Weapons and Tactics squads. Includes padded vest with pockets along with shoulder and kneeguards.""",,"list(""melee"" = 60, ""bullet"" = 60, ""laser"" = 60, ""energy"" = 40, ""bomb"" = 20, ""bio"" = 0, ""rad"" = 0, ""fire"" = 40, ""acid"" = 40)","""swatarmor""",,1,,,,,,,,"""swatarmor""",,,,,1656,,,,,,,,0.7,,,,,,,,,,,,,,,,,,,,,,,,,,,,null
/obj/item/clothing/suit/armor/hos,"""armored coat""","""A greatcoat enhanced with a special alloy for some protection and style.""",,"list(""melee"" = 65, ""bullet"" = 30, ""laser"" = 50, ""energy"" = 10, ""bomb"" = 25, ""bio"" = 0, ""rad"" = 0, ""fire"" = 10, ""acid"" = 10)","""hos""",,,,,,,,,,"""hos""",,,0,4,1656,,,,,,,,0.6,,,,,,,,,,,,,,,,,,,,,,,,,,,,
/obj/item/clothing/suit/armor/hos/jensen,"""armored trenchcoat""","""A trenchcoat augmented with a special alloy for some protection and style.""",,,"""jensencoat""",,,,,,,,,,"""jensencoat""",,,,0,1544,,,,,,,,0.6,,,,,,,,,,,,,,,,,,,,,,,,,,,,
/obj/item/clothing/suit/armor/gimmick,,,,,,,,,,,,,,,,,,,,,,,,,,,,,,,,,,,,,,,,,,,,,,,,,,,,,,,,
/obj/item/clothing/suit/armor/gimmick/dutch,"""armored jacket""","""It's hot in the jungle. Sometimes it's hot and heavy, and sometimes it's hell on earth.""",,"list(""melee"" = 45, ""bullet"" = 45, ""laser"" = 35, ""energy"" = 25, ""bomb"" = 25, ""bio"" = 0, ""rad"" = 0, ""fire"" = 25, ""acid"" = 25)","""dutch_armor""",,,,,,,,"list(/obj/item/weapon/gun,/obj/item/flashlight,/obj/item/ammo_magazine,/obj/item/storage/fancy/cigarettes,/obj/item/tool/lighter,/obj/item/explosive/grenade,/obj/item/binoculars,/obj/item/weapon/combat_knife,/obj/item/storage/belt/sparepouch,/obj/item/storage/large_holster/machete)",,,,,,,8,8,8,,,,,,,,,,,,,,,,,,,,,,,,,,,,,,,,,,
/obj/item/clothing/suit/armor/gimmick/robocop,"""polished metal armor""","""Clean and well maintained, unlike the ugly streets of Detroit. Constructed from titanium and laminated with kevlar.""",,"list(""melee"" = 87, ""bullet"" = 87, ""laser"" = 87, ""energy"" = 87, ""bomb"" = 87, ""bio"" = 50, ""rad"" = 50, ""fire"" = 87, ""acid"" = 87)","""robocop_armor""",,1,,,2,,,list(/obj/item/weapon/gun/pistol/auto9),,"""robocop_armor""",,,64,,1656,1656,1656,,,,,,,,,,,,,,,,,,,,,,,,,,,,,,,,,,
/obj/item/clothing/suit/armor/pcarrier,,,,,,,,,,,,,,,,,,,,,,,,,,,,,,,,,,,,,,,,,,,,,,,,,,,,,,,,
/obj/item/clothing/suit/unathi,,,,,,,,,,,,,,,,,,,,,,,,,,,,,,,,,,,,,,,,,,,,,,,,,,,,,,,,
/obj/item/clothing/suit/unathi/robe,"""roughspun robes""","""A traditional Unathi garment.""",,,"""robe-unathi""",,,,,,,,,,"""robe-unathi""",,,,,120,,,,,,,,,,,,,,,,,,,,,,,,,,,,,,,,,,,,
/obj/item/clothing/suit/unathi/mantle,"""hide mantle""","""A rather grisly selection of cured hides and skin, sewn together to form a ragged mantle.""",,,"""mantle-unathi""",,,,,,,,,,"""mantle-unathi""",,,,,8,,,,,,,,,,,,,,,,,,,,,,,,,,,,,,,,,,,,
/obj/item/clothing/suit/tajaran,,,,,,,,,,,,,,,,,,,,,,,,,,,,,,,,,,,,,,,,,,,,,,,,,,,,,,,,
/obj/item/clothing/suit/tajaran/furs,"""heavy furs""","""A traditional Zhan-Khazan garment.""",,,"""zhan_furs""",,,,,,,,,,"""zhan_furs""",,,,,2040,,,,,,,,,,,,,,,,,,,,,,,,,,,,,,,,,,,,
/obj/item/clothing/suit/bio_suit,"""bio suit""","""A suit that protects against biological contamination.""",,"list(""melee"" = 0, ""bullet"" = 0, ""laser"" = 0, ""energy"" = 0, ""bomb"" = 0, ""bio"" = 100, ""rad"" = 20, ""fire"" = 0, ""acid"" = 0)","""bio""",,1,,,,,,"list(/obj/item/tank/emergency_oxygen,/obj/item/tool/pen,/obj/item/flashlight/pen)",,"""bio_suit""",4,,,1037,8184,,,,,,0.01,0.01,0.9,,,,,,,,,,,,,,,,,,,,,,,,,,,,
/obj/item/clothing/suit/bio_suit/general,,,,,"""bio_general""",,,,,,,,,,,,,,1029,1656,,,,,,,,,,,,,,,,,,,,,,,,,,,,,,,,,,,,
/obj/item/clothing/suit/bio_suit/virology,,,,,"""bio_virology""",,,,,,,,,,,,,,1029,1656,,,,,,,,,,,,,,,,,,,,,,,,,,,,,,,,,,,,
/obj/item/clothing/suit/bio_suit/security,,,,,"""bio_security""",,,,,,,,,,,,,,1029,1656,,,,,,,,,,,,,,,,,,,,,,,,,,,,,,,,,,,,
/obj/item/clothing/suit/bio_suit/janitor,,,,,"""bio_janitor""",,,,,,,,,,,,,,1029,1656,,,,,,,,,,,,,,,,,,,,,,,,,,,,,,,,,,,,
/obj/item/clothing/suit/bio_suit/scientist,,,,,"""bio_scientist""",,,,,,,,,,,,,,1029,1656,,,,,,,,,,,,,,,,,,,,,,,,,,,,,,,,,,,,
/obj/item/clothing/suit/bio_suit/cmo,,,,,"""bio_cmo""",,,,,,,,,,,,,,1029,1656,,,,,,,,,,,,,,,,,,,,,,,,,,,,,,,,,,,,
/obj/item/clothing/suit/bio_suit/plaguedoctorsuit,"""Plague doctor suit""","""It protected doctors from the Black Death, back then. You bet your arse it's gonna help you against viruses.""",,,"""plaguedoctor""",,,,,,,,,,"""bio_suit""",,,,1029,,,,,,,,,,,,,,,,,,,,,,,,,,,,,,,,,,,,,
/obj/item/clothing/suit/apron,"""apron""","""A basic blue apron.""",,,"""apron""",,,,,,,,"list(/obj/item/reagent_containers/spray/plantbgone,/obj/item/analyzer/plant_analyzer,/obj/item/seeds,/obj/item/reagent_containers/glass/fertilizer,/obj/item/tool/minihoe)",,"""apron""",,,,,0,,,,,,,,,,,"list(""Vox"" = 'icons/mob/species/vox/suit.dmi')",,,,"""armor""",,,,,,,,,,,,,,,,,,,,,
/obj/item/clothing/suit/apron/overalls,"""coveralls""","""A set of denim overalls.""",,,"""overalls""",,,,,,,,,,"""overalls""",,,,,120,,,,,,,,,,,,,,,,,,,,,,,,,,,,,,,,,,,,
/obj/item/clothing/suit/surgical,"""surgical apron""","""A plastic covering to prevent the passage of bodily fluids during surgery.""",,"list(""melee"" = 0, ""bullet"" = 0, ""laser"" = 0, ""energy"" = 0, ""bomb"" = 0, ""bio"" = 10, ""rad"" = 0, ""fire"" = 0, ""acid"" = 0)","""surgical""",,,,,,,,,,"""surgical""",,,,,8,,,,,,,,,,,"list(""Vox"" = 'icons/mob/species/vox/suit.dmi')",,,,,,,,,,,,,,,,,,,,,,,,,
/obj/item/clothing/suit/captunic,"""captain's parade tunic""","""Worn by a Captain to show their class.""",,,"""captunic""",,,,,,,,,,"""bio_suit""",,,,4,1544,,,,,,,,,,,"list(""Vox"" = 'icons/mob/species/vox/suit.dmi')",,,,,,,,,,,,,,,,,,,,,,,,,
/obj/item/clothing/suit/captunic/capjacket,"""captain's uniform jacket""","""A less formal jacket for everyday captain use.""",,,"""capjacket""",,,,,,,,,,"""bio_suit""",,,,4,1656,,,,,,,,,,,,,,,,,,,,,,,,,,,,,,,,,,,,
/obj/item/clothing/suit/chaplain_hoodie,"""chaplain hoodie""","""This suit says to you 'hush'!""",,,"""chaplain_hoodie""",,,,,,,,,,"""chaplain_hoodie""",,,,,1544,,,,,,,,,,,"list(""Vox"" = 'icons/mob/species/vox/suit.dmi')",,,,,,,,,,,,,,,,,,,,,,,,,
/obj/item/clothing/suit/nun,"""nun robe""","""Maximum piety in this star system.""",,,"""nun""",,,,,,,,,,"""nun""",,,,12,1656,,,,,,,,,,,"list(""Vox"" = 'icons/mob/species/vox/suit.dmi')",,,,,,,,,,,,,,,,,,,,,,,,,
/obj/item/clothing/suit/chef,"""Chef's apron""","""An apron used by a high class chef.""",,,"""chef""",,,,,,,,"list(/obj/item/tool/kitchen/knife,/obj/item/tool/kitchen/knife/butcher)",,"""chef""",,,,,1560,,,,,,0.9,0.5,,,,"list(""Vox"" = 'icons/mob/species/vox/suit.dmi')",,,,,,,,,,,,,,,,,,,,,,,,,
/obj/item/clothing/suit/chef/classic,"""A classic chef's apron.""","""A basic, dull, white chef's apron.""",,,"""apronchef""",,,,,,,,,,"""apronchef""",,,,,0,,,,,,,,,,,,,,,"""armor""",,,,,,,,,,,,,,,,,,,,,
/obj/item/clothing/suit/security,,,,,,,,,,,,,,,,,,,,,,,,,,,,,,,,,,,,,,,,,,,,,,,,,,,,,,,,
/obj/item/clothing/suit/security/navyofficer,"""security officer's jacket""","""This jacket is for those special occasions when a security officer actually feels safe.""",,,"""officerbluejacket""",,,,,,,,,,"""officerbluejacket""",,,,,1560,,,,,,,,,,,,,,,,,,,,,,,,,,,,,,,,,,,,
/obj/item/clothing/suit/security/navywarden,"""warden's jacket""","""Perfectly suited for the warden that wants to leave an impression of style on those who visit the brig.""",,,"""wardenbluejacket""",,,,,,,,,,"""wardenbluejacket""",,,,,1560,,,,,,,,,,,,,,,,,,,,,,,,,,,,,,,,,,,,
/obj/item/clothing/suit/security/navyhos,"""head of security's jacket""","""This piece of clothing was specifically designed for asserting superior authority.""",,,"""hosbluejacket""",,,,,,,,,,"""hosbluejacket""",,,,,1560,,,,,,,,,,,,,,,,,,,,,,,,,,,,,,,,,,,,
/obj/item/clothing/suit/suspenders,"""suspenders""","""They suspend the illusion of the mime's play.""",,,"""suspenders""",'icons/obj/clothing/belts.dmi',,,,,,,,,,,,,,0,,,,,,,,,,,,,,,"""armor""",,,,,,,,,,,,,,,,,,,,,
/obj/item/clothing/suit/bluetag,"""blue laser tag armour""","""Blue Pride, Station Wide.""",,,"""bluetag""",,,,,,,,list(/obj/item/weapon/gun),,"""bluetag""",,,,,8,,,,,,,,3,,,,,,,"""armor""",,,,,,,,,,,,,,,,,,,,,
/obj/item/clothing/suit/redtag,"""red laser tag armour""","""Reputed to go faster.""",,,"""redtag""",,,,,,,,list(/obj/item/weapon/gun),,"""redtag""",,,,,8,,,,,,,,3,,,,,,,"""armor""",,,,,,,,,,,,,,,,,,,,,
/obj/item/clothing/suit/pirate,"""pirate coat""","""Yarr.""",,,"""pirate""",,,,,,,,,,"""pirate""",,,,,1544,,,,,,,,,,,,,,,,,,,,,,,,,,,,,,,,,,,,
/obj/item/clothing/suit/hgpirate,"""pirate captain coat""","""Yarr.""",,"list(""melee"" = 60, ""bullet"" = 90, ""laser"" = 60, ""energy"" = 20, ""bomb"" = 25, ""bio"" = 10, ""rad"" = 10, ""fire"" = 20, ""acid"" = 20)","""hgpirate""",,,,,,,,,,"""hgpirate""",,,,4,1656,,,,,,,,,,,,,,,,,,,,,,,,,,,,,,,,,,,,
/obj/item/clothing/suit/cyborg_suit,"""cyborg suit""","""Suit for a cyborg costume.""",,,"""death""",,,,5473.15,2,,,,,"""death""",,,,13,,,,,,,,,,,,,,,,,,,,,,,,,,,,,,,,,,,,,
/obj/item/clothing/suit/johnny_coat,"""johnny~~ coat""","""Johnny~~""",,,"""johnny""",,,,,,,,,,"""johnny""",,,,,,,,,,,,,,,,,,,,,,,,,,,,,,,,,,,,,,,,,
/obj/item/clothing/suit/justice,"""justice suit""","""This pretty much looks ridiculous.""",,,"""justice""",,,,,,,,,,"""justice""",,,,13,8184,,,,,,,,,,,,,,,,,,,,,,,,,,,,,,,,,,,,
/obj/item/clothing/suit/judgerobe,"""judge's robe""","""This robe commands authority.""",,,"""judge""",,,,,,,,"list(/obj/item/storage/fancy/cigarettes,/obj/item/spacecash)",,"""judge""",,,,4,1656,,,,,,,,,,,,,,,,,,,,,,,,,,,,,,,,,,,,
/obj/item/clothing/suit/wcoat,"""waistcoat""","""For some classy, murderous fun.""",,,"""vest""",,,,,,,,,,"""wcoat""",,,,,24,,,,,,,,,,,,,,,"""armor""",,,,,,,,,,,,,,,,,,,,,
/obj/item/clothing/suit/syndicatefake,"""red space suit replica""","""A plastic replica of the syndicate space suit, you'll look just like a real murderous syndicate agent in this! This is a toy, it is not made for use in space!""",,,"""syndicate""",,,,,,,,"list(/obj/item/flashlight,/obj/item/tank/emergency_oxygen,/obj/item/toy)",,"""space_suit_syndicate""",3,,,13,8184,,,,,,,,,,,,,,,,,,,,,,,,,,,,,,,,,,,,
/obj/item/clothing/suit/hastur,"""Hastur's Robes""","""Robes not meant to be worn by man""",,,"""hastur""",,,,,,,,,,"""hastur""",,,,13,2040,,,,,,,,,,,,,,,,,,,,,,,,,,,,,,,,,,,,
/obj/item/clothing/suit/imperium_monk,"""Imperium monk""","""Have YOU killed a xenos today?""",,,"""imperium_monk""",,,,,,,,,,"""imperium_monk""",,,,12,2041,,,,,,,,,,,,,,,,,,,,,,,,,,,,,,,,,,,,
/obj/item/clothing/suit/chickensuit,"""Chicken Suit""","""A suit made long ago by the ancient empire KFC.""",,,"""chickensuit""",,,,,,,,,,"""chickensuit""",,,,12,2040,,,,,,,,2,,,,,,,,,,,,,,,,,,,,,,,,,,,,
/obj/item/clothing/suit/monkeysuit,"""Monkey Suit""","""A suit that looks like a primate""",,,"""monkeysuit""",,,,,,,,,,"""monkeysuit""",,,,13,8184,,,,,,,,2,,,,,,,,,,,,,,,,,,,,,,,,,,,,
/obj/item/clothing/suit/holidaypriest,"""Holiday Priest""","""This is a nice holiday my son.""",,,"""holidaypriest""",,,,,,,,,,"""holidaypriest""",,,,4,1656,,,,,,,,,,,,,,,,,,,,,,,,,,,,,,,,,,,,
/obj/item/clothing/suit/cardborg,"""cardborg suit""","""An ordinary cardboard box with holes cut in the sides.""",,,"""cardborg""",,,,,,,,,,"""cardborg""",,,,4,24,,,,,,,,,,,,,,,,,,,,,,,,,,,,,,,,,,,,
/obj/item/clothing/suit/straight_jacket,"""straight jacket""","""A suit that completely restrains the wearer.""",,,"""straight_jacket""",,,,,,,,,,"""straight_jacket""",,,,1037,8184,,,,,,,,,,,,,,,,,,,,,,,,,,,,,,,,,,,,
/obj/item/clothing/suit/ianshirt,"""worn shirt""","""A worn out, curiously comfortable t-shirt with a picture of Ian. You wouldn't go so far as to say it feels like being hugged when you wear it but it's pretty close. Good for sleeping in.""",,,"""ianshirt""",,,,,,,,,,"""ianshirt""",,,,,1544,,,,,,,,,,,,,,,,,,,,,,,,,,,,,,,,,,,,
/obj/item/clothing/suit/suit,,,,,,,,,,,,,,,,,,,,,,,,,,,,,,,,,,,,,,,,,,,,,,,,,,,,,,,,
/obj/item/clothing/suit/leathercoat,"""leather coat""","""A long, thick black leather coat.""",,,"""leathercoat""",,,,,,,,,,"""leathercoat""",,,,,,,,,,,,,,,,,,,,,,,,,,,,,,,,,,,,,,,,,
/obj/item/clothing/suit/browncoat,"""brown leather coat""","""A long, brown leather coat.""",,,"""browncoat""",,,,,,,,,,"""browncoat""",,,,,,,,,,,,,,,,,,,,,,,,,,,,,,,,,,,,,,,,,
/obj/item/clothing/suit/neocoat,"""black coat""","""A flowing, black coat.""",,,"""neocoat""",,,,,,,,,,"""neocoat""",,,,,,,,,,,,,,,,,,,,,,,,,,,,,,,,,,,,,,,,,
/obj/item/clothing/suit/stripper,,,,,,,,,,,,,,,,,,,,,,,,,,,,,,,,,,,,,,,,,,,,,,,,,,,,,,,,
/obj/item/clothing/suit/stripper/stripper_pink,"""pink skimpy dress""","""A rather skimpy pink dress.""",,,"""stripper_p_over""",,,,,,,,,,,,,,,,,,,,,,,1,,,,,,,,,,,,,,,,,,,,,,,,,,,,
/obj/item/clothing/suit/stripper/stripper_green,"""green skimpy dress""","""A rather skimpy green dress.""",,,"""stripper_g_over""",,,,,,,,,,,,,,,,,,,,,,,1,,,,,,,,,,,,,,,,,,,,,,,,,,,,
/obj/item/clothing/suit/xenos,"""xenos suit""","""A suit made out of chitinous alien hide.""",,,"""xenos""",,,,,,,,,,"""xenos_helm""",,,,13,8184,,,,,,,,2,,,,,,,,,,,,,,,,,,,,,,,,,,,,
/obj/item/clothing/suit/poncho,"""poncho""","""A simple, comfortable poncho.""",,,"""classicponcho""",,,,,,,,,,,,,,,,,,,,,,,,,,,,,,,,,,,,,,,,,,,,,,,,,,,
/obj/item/clothing/suit/poncho/green,"""green poncho""","""Your classic, non-racist poncho. This one is green.""",,,"""greenponcho""",,,,,,,,,,,,,,,,,,,,,,,,,,,,,,,,,,,,,,,,,,,,,,,,,,,
/obj/item/clothing/suit/poncho/red,"""red poncho""","""Your classic, non-racist poncho. This one is red.""",,,"""redponcho""",,,,,,,,,,,,,,,,,,,,,,,,,,,,,,,,,,,,,,,,,,,,,,,,,,,
/obj/item/clothing/suit/bomber,"""bomber jacket""","""A well-worn WW2 leather bomber jacket.""",,,"""bomber""",,,,,,,,,,,,,,,1544,,1544,,273.15,,,,0.7,,,,,,,,,,,,,,,,,,,,,,,,,,,,
/obj/item/clothing/suit/replica,"""replica armor""","""A replica of the armour of choice for colonial militia.""",,,"""rebel_armor""",'icons/obj/clothing/cm_suits.dmi',,,,,,,,,"""rebel_armor""",,,,,120,,,,,,,,,,,,1,,,,,,,,,,,,,,,,,,,,,,,,
/obj/item/clothing/suit/fire,"""firesuit""","""A suit that protects against fire and heat.""",,"list(""melee"" = 0, ""bullet"" = 0, ""laser"" = 0, ""energy"" = 0, ""bomb"" = 0, ""bio"" = 0, ""rad"" = 0, ""fire"" = 90, ""acid"" = 0)","""fire""",,1,,,,,,"list(/obj/item/flashlight,/obj/item/tank/emergency_oxygen,/obj/item/tool/extinguisher)",,"""fire_suit""",4,,128,1037,8184,8184,8184,30000,,,0.9,0.5,,,,,,,,,,,,,,,,,,,,,,,,,,,,,
/obj/item/clothing/suit/fire/firefighter,,,,,"""firesuit""",,,,,,,,,,"""firefighter""",,,,,,,,,,,,,,,,,,,,,,,,,,,,,,,,,,,,,,,,,
/obj/item/clothing/suit/fire/heavy,"""firesuit""","""A suit that protects against extreme fire and heat.""",,,,,1.5,,,,,,,,"""ro_suit""",4,,,,,,,,,,,,,,,,,,,,,,,,,,,,,,,,,,,,,,,,
/obj/item/clothing/suit/bomb_suit,"""bomb suit""","""A suit designed for safety when handling explosives.""",,"list(""melee"" = 0, ""bullet"" = 0, ""laser"" = 0, ""energy"" = 0, ""bomb"" = 100, ""bio"" = 0, ""rad"" = 0, ""fire"" = 0, ""acid"" = 0)","""bombsuit""",,2,,,,,,,,"""bombsuit""",4,,,1028,,24,,600,,,0.01,0.01,0,,,,,,,,,,,,,,,,,,,,,,,,,,,,
/obj/item/clothing/suit/bomb_suit/security,,,,,"""bombsuitsec""",,,,,,,,"list(/obj/item/weapon/gun,/obj/item/weapon/baton,/obj/item/restraints/handcuffs)",,"""bombsuitsec""",,,,,8184,,,,,,,,,,,,,,,,,,,,,,,,,,,,,,,,,,,,
/obj/item/clothing/suit/radiation,"""Radiation suit""","""A suit that protects against radiation. Label: Made with lead, do not eat insulation.""",,"list(""melee"" = 0, ""bullet"" = 0, ""laser"" = 0, ""energy"" = 0, ""bomb"" = 0, ""bio"" = 60, ""rad"" = 100, ""fire"" = 0, ""acid"" = 0)","""rad""",,1.5,,,,,,"list(/obj/item/flashlight,/obj/item/tank/emergency_oxygen,/obj/item/clothing/head/radiation,/obj/item/clothing/mask/gas)",,"""rad_suit""",4,,,1028,8184,,,,,,0.9,0.5,,,,,,,,,,,,,,,,,,,,,,,,,,,,,
/obj/item/clothing/suit/wizrobe,"""wizard robe""","""A magnificant, gem-lined robe that seems to radiate power.""",,"list(""melee"" = 30, ""bullet"" = 20, ""laser"" = 20, ""energy"" = 20, ""bomb"" = 20, ""bio"" = 20, ""rad"" = 20, ""fire"" = 20, ""acid"" = 20)","""wizard""",,,,,,,,list(),,"""wizrobe""",,,,4,,,,,,,0.01,0.01,0.8,,,,,,,,,,,,,,,,,,,,,,,,,,,,
/obj/item/clothing/suit/wizrobe/red,"""red wizard robe""","""A magnificant, red, gem-lined robe that seems to radiate power.""",,,"""redwizard""",,,,,,,,,,"""redwizrobe""",,,,,,,,,,,,,,,,,,,,,,,,,,,,,,,,,,,,,,,,,
/obj/item/clothing/suit/wizrobe/marisa,"""Witch Robe""","""Magic is all about the spell power, ZE!""",,,"""marisa""",,,,,,,,,,"""marisarobe""",,,,,,,,,,,,,,,,,,,,,,,,,,,,,,,,,,,,,,,,,
/obj/item/clothing/suit/wizrobe/marisa/fake,"""Witch Robe""","""Magic is all about the spell power, ZE!""",,"list(""melee"" = 0, ""bullet"" = 0, ""laser"" = 0, ""energy"" = 0, ""bomb"" = 0, ""bio"" = 0, ""rad"" = 0, ""fire"" = 0, ""acid"" = 0)","""marisa""",,,,,,,,,,"""marisarobe""",,,,,1656,,,,,,,,1,,,,,,,,,,,,,,,,,,,,,,,,,,,,
/obj/item/clothing/suit/wizrobe/magusblue,"""Magus Robe""","""A set of armoured robes that seem to radiate a dark power""",,,"""magusblue""",,,,,,,,,,"""magusblue""",,,,,8184,,,,,,,,,,,,,,,,,,,,,,,,,,,,,,,,,,,,
/obj/item/clothing/suit/wizrobe/magusred,"""Magus Robe""","""A set of armoured robes that seem to radiate a dark power""",,,"""magusred""",,,,,,,,,,"""magusred""",,,,,8184,,,,,,,,,,,,,,,,,,,,,,,,,,,,,,,,,,,,
/obj/item/clothing/suit/wizrobe/psypurple,"""purple robes""","""Heavy, royal purple robes threaded with psychic amplifiers and weird, bulbous lenses. Do not machine wash.""",,,"""psyamp""",,,,,,,,,,"""psyamp""",,,,,,,,,,,,,,,,,,,,,,,,,,,,,,,,,,,,,,,,,
/obj/item/clothing/suit/wizrobe/gentlecoat,"""Gentlemans Coat""","""A heavy threaded twead gray jacket. For a different sort of Gentleman.""",,,"""gentlecoat""",,,,,,,,,,"""gentlecoat""",,,,,1560,,,,,,,,,,,,,,,,,,,,,,,,,,,,,,,,,,,,
/obj/item/clothing/suit/wizrobe/fake,"""wizard robe""","""A rather dull, blue robe meant to mimick real wizard robes.""",,"list(""melee"" = 0, ""bullet"" = 0, ""laser"" = 0, ""energy"" = 0, ""bomb"" = 0, ""bio"" = 0, ""rad"" = 0, ""fire"" = 0, ""acid"" = 0)","""wizard-fake""",,,,,,,,,,"""wizrobe""",,,,,,,,,,,,,1,,,,,,,,,,,,,,,,,,,,,,,,,,,,
/obj/item/clothing/suit/gimmick,,,,,,,,,,,,,,,,,,,,,,,,,,,,,,,,,,,,,,,,,,,,,,,,,,,,,,,,
/obj/item/clothing/suit/gimmick/jason,"""musty jacket""","""A killer fashion statement.""",,"list(""melee"" = 13, ""bullet"" = 13, ""laser"" = 13, ""energy"" = 13, ""bomb"" = 13, ""bio"" = 13, ""rad"" = 13, ""fire"" = 13, ""acid"" = 13)","""jason_jacket""",,,,,,,,,,"""jason_jacket""",,,,,,,,,,,,,,,,,,,,,,,,,,,,,,,,,,,,,,,,,
/obj/item/clothing/suit/gimmick/rambo,"""pendant""","""It's a precious stone and something of a talisman of protection.""",,,"""rambo_pendant""",,,,,,,,,,,,,,,8,8,8,,,,,,,,,,,,,,,,,,,,,,,,,,,,,,,,,,
